"941","2015-16_digital_transformation_agenda_budget_initiatives"
"751","building_better_services_with_analytics"
"436","inclusive_services"
"676","meeting_the_needs_of_different_users"
"1016","metadata"
"536","release_of_the_alpha_digital_service_standard"
"921","affinity_diagramming"
"966","professional_research_methods"
"1041","case_studies"
"461","service_integration"
"421","code_sharing"
"911","privacy_statement"
"931","interviews"
"491","privacy"
"901","web_accessibility"
"1061","digital_transformation_coordinators"
"731","the_digital_transformation_agenda_in_the_2015-16_federal_budget"
"831","scenarios"
"1031","contracts"
"961","trusted_digital_identity_framework"
"756","updates_to_the_scope_of_the_digital_service_standard"
"771","making_government_discoverable"
"291","usability_testing"
"861","meeting_the_standard"
"936","wireframing"
"981","team_recruitment"
"811","personas"
"441","domain_names"
"866","principles_of_digital_service_design"
"821","user_pathways"
"566","case_study:_connecting_with_users_on_social_media"
"1006","cookies"
"1066","it’s_here:_the_digital_service_design_guides_have_arrived_in_alpha"
"506","identity_assurance"
"1111","your_homepage_is_not_your_front_door"
"841","prototyping"
"471","open_standards"
"1051","about_us"
"521","common_website_elements"
"761","transforming_government_information"
"896","copyright"
"261","the_team"
"551","branding"
"986","statistical_data_integration"
"201","feedback_on_design_guidance"
"836","high_level_design"
"1096","open_and_secure"
"791","government_working_with_government:_lessons_from_onegov"
"1056","talking_digital_id"
"556","social_media"
"886","common_government_solutions"
"881","measurement"
"1026","foi_act_and_information_publication_scheme"
"1046","case_study:_opening_government_data_with_the_nationalmap"
"781","where_are_we_heading:_a_future_state_for_user_experience"
"956","better_grants_administration"
"1076","agile"
"396","online_writing"
"816","user_stories"
"856","scope_of_the_digital_service_standard"
"991","common_government_content_and_features"
"906","disclaimer"
"736","putting_the_user_at_the_centre_of_everything"
"641","dto_launches_at_the_digital_innovation_forum"
"561","case_study:_improving_website_user_experiences"
"796","introducing_our_new_ceo_–_fresh_from_the_uk’s_government_digital_service_(gds)."
"466","secure_services"
"546","api"
"996","ministerial_content"
"671","q_&amp;_as_on_the_digital_service_standard"
"916","card_sorting"
"206","introducing_the_digital_transformation_office"
"501","government_as_a_platform"
"891","glossary"
"266","user-centred_design"
"951","new_services_for_business"
"1071","dto.gov.au_gets_the_first_of_many_makeovers"
"1131","‘showing_the_thing’_was_our_theme_last_week_in_the_standards_team"
"1081","preface_to_the_api_design_guide"
"draft","user_account"
"826","workshops"
"1091","the_dto_now_manage_government_authentication_frameworks"
"511","testing_web_accessibility"
"361","assisted_digital"
"1001","online_content_requirements"
"456","making_content_accessible"
"1106","getting_inside_your_head:_analysing_search_behaviours"
"381","analytics_tools"
"846","david_hazlehurst_to_depart_the_dto"
"496","content_management_system"
"1101","how_do_australians_really_feel_about_digital_government_services?"
"141","engage"
"851","digital_service_standard"
"876","creating_cultural_change"
"481","user_research"
"526","open_data"
"926","ethnographic_research"
"366","performance_testing"
"946","new_services_for_individuals"
"741","digitising_mail"
"776","hacking_for_better_government_services"
"1021","content_licensing"
"976","records_management"
"971","service_design_process"
"1136","digital_community_of_practice_event_–_4_september"
"1151","recruitment_campaign_to_find_australia&#039;s_best_tech_talent"
"571","building_digital_services"
"1011","caretaker_conventions"
"766","iaward_innovators"
"1036","files_list_(harradine_report)"
"871","digital_transformation_plan"
"941","2015-16_digital_transformation_agenda_budget_initiatives"
"751","building_better_services_with_analytics"
"temp",""
"436","inclusive_services"
"676","meeting_the_needs_of_different_users"
"1016","metadata"
"536","release_of_the_alpha_digital_service_standard"
"921","affinity_diagramming"
"966","professional_research_methods"
"1041","case_studies"
"461","service_integration"
"421","code_sharing"
"911","privacy_statement"
"931","interviews"
"491","privacy"
"901","web_accessibility"
"1061","digital_transformation_coordinators"
"731","the_digital_transformation_agenda_in_the_2015-16_federal_budget"
"831","scenarios"
"1031","contracts"
"961","trusted_digital_identity_framework"
"756","updates_to_the_scope_of_the_digital_service_standard"
"771","making_government_discoverable"
"291","usability_testing"
"861","meeting_the_standard"
"936","wireframing"
"981","team_recruitment"
"811","personas"
"441","domain_names"
"866","principles_of_digital_service_design"
"821","user_pathways"
"566","case_study:_connecting_with_users_on_social_media"
"1006","cookies"
"1066","it’s_here:_the_digital_service_design_guides_have_arrived_in_alpha"
"506","identity_assurance"
"1111","your_homepage_is_not_your_front_door"
"841","prototyping"
"471","open_standards"
"1051","about_us"
"521","common_website_elements"
"761","transforming_government_information"
"896","copyright"
"261","the_team"
"551","branding"
"986","statistical_data_integration"
"201","feedback_on_design_guidance"
"836","high_level_design"
"1096","open_and_secure"
"791","government_working_with_government:_lessons_from_onegov"
"1056","talking_digital_id"
"556","social_media"
"886","common_government_solutions"
"881","measurement"
"1026","foi_act_and_information_publication_scheme"
"1046","case_study:_opening_government_data_with_the_nationalmap"
"781","where_are_we_heading:_a_future_state_for_user_experience"
"956","better_grants_administration"
"1076","agile"
"396","online_writing"
"816","user_stories"
"856","scope_of_the_digital_service_standard"
"991","common_government_content_and_features"
"906","disclaimer"
"736","putting_the_user_at_the_centre_of_everything"
"641","dto_launches_at_the_digital_innovation_forum"
"561","case_study:_improving_website_user_experiences"
"796","introducing_our_new_ceo_–_fresh_from_the_uk’s_government_digital_service_(gds)."
"466","secure_services"
"546","api"
"996","ministerial_content"
"671","q_&amp;_as_on_the_digital_service_standard"
"916","card_sorting"
"206","introducing_the_digital_transformation_office"
"501","government_as_a_platform"
"891","glossary"
"266","user-centred_design"
"951","new_services_for_business"
"1071","dto.gov.au_gets_the_first_of_many_makeovers"
"1131","‘showing_the_thing’_was_our_theme_last_week_in_the_standards_team"
"1081","preface_to_the_api_design_guide"
"draft","user_account"
"826","workshops"
"1091","the_dto_now_manage_government_authentication_frameworks"
"511","testing_web_accessibility"
"361","assisted_digital"
"1001","online_content_requirements"
"456","making_content_accessible"
"1106","getting_inside_your_head:_analysing_search_behaviours"
"381","analytics_tools"
"846","david_hazlehurst_to_depart_the_dto"
"496","content_management_system"
"1101","how_do_australians_really_feel_about_digital_government_services?"
"141","engage"
"851","digital_service_standard"
"876","creating_cultural_change"
"481","user_research"
"526","open_data"
"926","ethnographic_research"
"366","performance_testing"
"946","new_services_for_individuals"
"741","digitising_mail"
"776","hacking_for_better_government_services"
"1021","content_licensing"
"976","records_management"
"971","service_design_process"
"1136","digital_community_of_practice_event_–_4_september"
"1151","recruitment_campaign_to_find_australia&#039;s_best_tech_talent"
"571","building_digital_services"
"1011","caretaker_conventions"
"766","iaward_innovators"
"1036","files_list_(harradine_report)"
"871","digital_transformation_plan"
"941","2015-16_digital_transformation_agenda_budget_initiatives"
"751","building_better_services_with_analytics"
"temp",""
"436","inclusive_services"
"676","meeting_the_needs_of_different_users"
"1016","metadata"
"536","release_of_the_alpha_digital_service_standard"
"921","affinity_diagramming"
"966","professional_research_methods"
"1041","case_studies"
"461","service_integration"
"421","code_sharing"
"911","privacy_statement"
"931","interviews"
"491","privacy"
"901","web_accessibility"
"1061","digital_transformation_coordinators"
"731","the_digital_transformation_agenda_in_the_2015-16_federal_budget"
"831","scenarios"
"1031","contracts"
"961","trusted_digital_identity_framework"
"756","updates_to_the_scope_of_the_digital_service_standard"
"771","making_government_discoverable"
"291","usability_testing"
"861","meeting_the_standard"
"936","wireframing"
"981","team_recruitment"
"811","personas"
"441","domain_names"
"866","principles_of_digital_service_design"
"821","user_pathways"
"566","case_study:_connecting_with_users_on_social_media"
"1006","cookies"
"1066","it’s_here:_the_digital_service_design_guides_have_arrived_in_alpha"
"506","identity_assurance"
"1111","your_homepage_is_not_your_front_door"
"841","prototyping"
"471","open_standards"
"1051","about_us"
"521","common_website_elements"
"761","transforming_government_information"
"896","copyright"
"261","the_team"
"551","branding"
"986","statistical_data_integration"
"201","feedback_on_design_guidance"
"836","high_level_design"
"1096","open_and_secure"
"791","government_working_with_government:_lessons_from_onegov"
"1056","talking_digital_id"
"556","social_media"
"886","common_government_solutions"
"881","measurement"
"1026","foi_act_and_information_publication_scheme"
"1046","case_study:_opening_government_data_with_the_nationalmap"
"781","where_are_we_heading:_a_future_state_for_user_experience"
"956","better_grants_administration"
"1076","agile"
"396","online_writing"
"816","user_stories"
"856","scope_of_the_digital_service_standard"
"991","common_government_content_and_features"
"906","disclaimer"
"736","putting_the_user_at_the_centre_of_everything"
"641","dto_launches_at_the_digital_innovation_forum"
"561","case_study:_improving_website_user_experiences"
"796","introducing_our_new_ceo_–_fresh_from_the_uk’s_government_digital_service_(gds)."
"466","secure_services"
"546","api"
"996","ministerial_content"
"671","q_&amp;_as_on_the_digital_service_standard"
"916","card_sorting"
"206","introducing_the_digital_transformation_office"
"501","government_as_a_platform"
"891","glossary"
"266","user-centred_design"
"951","new_services_for_business"
"1071","dto.gov.au_gets_the_first_of_many_makeovers"
"1131","‘showing_the_thing’_was_our_theme_last_week_in_the_standards_team"
"1081","preface_to_the_api_design_guide"
"draft","user_account"
"826","workshops"
"1091","the_dto_now_manage_government_authentication_frameworks"
"511","testing_web_accessibility"
"361","assisted_digital"
"1001","online_content_requirements"
"456","making_content_accessible"
"1106","getting_inside_your_head:_analysing_search_behaviours"
"381","analytics_tools"
"846","david_hazlehurst_to_depart_the_dto"
"496","content_management_system"
"1101","how_do_australians_really_feel_about_digital_government_services?"
"141","engage"
"851","digital_service_standard"
"876","creating_cultural_change"
"481","user_research"
"526","open_data"
"926","ethnographic_research"
"366","performance_testing"
"946","new_services_for_individuals"
"741","digitising_mail"
"776","hacking_for_better_government_services"
"1021","content_licensing"
"976","records_management"
"971","service_design_process"
"1136","digital_community_of_practice_event_–_4_september"
"1151","recruitment_campaign_to_find_australia&#039;s_best_tech_talent"
"571","building_digital_services"
"1011","caretaker_conventions"
"766","iaward_innovators"
"1036","files_list_(harradine_report)"
"871","digital_transformation_plan"
"941","2015-16_digital_transformation_agenda_budget_initiatives"
"751","building_better_services_with_analytics"
"temp",""
"436","inclusive_services"
"676","meeting_the_needs_of_different_users"
"1016","metadata"
"536","release_of_the_alpha_digital_service_standard"
"921","affinity_diagramming"
"966","professional_research_methods"
"1041","case_studies"
"461","service_integration"
"421","code_sharing"
"911","privacy_statement"
"931","interviews"
"491","privacy"
"901","web_accessibility"
"1061","digital_transformation_coordinators"
"731","the_digital_transformation_agenda_in_the_2015-16_federal_budget"
"831","scenarios"
"1031","contracts"
"961","trusted_digital_identity_framework"
"756","updates_to_the_scope_of_the_digital_service_standard"
"771","making_government_discoverable"
"291","usability_testing"
"861","meeting_the_standard"
"936","wireframing"
"981","team_recruitment"
"811","personas"
"441","domain_names"
"866","principles_of_digital_service_design"
"821","user_pathways"
"566","case_study:_connecting_with_users_on_social_media"
"1006","cookies"
"1066","it’s_here:_the_digital_service_design_guides_have_arrived_in_alpha"
"506","identity_assurance"
"1111","your_homepage_is_not_your_front_door"
"841","prototyping"
"471","open_standards"
"1051","about_us"
"521","common_website_elements"
"761","transforming_government_information"
"896","copyright"
"261","the_team"
"551","branding"
"986","statistical_data_integration"
"201","feedback_on_design_guidance"
"836","high_level_design"
"1096","open_and_secure"
"791","government_working_with_government:_lessons_from_onegov"
"1056","talking_digital_id"
"556","social_media"
"886","common_government_solutions"
"881","measurement"
"1026","foi_act_and_information_publication_scheme"
"1046","case_study:_opening_government_data_with_the_nationalmap"
"781","where_are_we_heading:_a_future_state_for_user_experience"
"956","better_grants_administration"
"1076","agile"
"396","online_writing"
"816","user_stories"
"856","scope_of_the_digital_service_standard"
"991","common_government_content_and_features"
"906","disclaimer"
"736","putting_the_user_at_the_centre_of_everything"
"641","dto_launches_at_the_digital_innovation_forum"
"561","case_study:_improving_website_user_experiences"
"796","introducing_our_new_ceo_–_fresh_from_the_uk’s_government_digital_service_(gds)."
"466","secure_services"
"546","api"
"996","ministerial_content"
"671","q_&amp;_as_on_the_digital_service_standard"
"916","card_sorting"
"206","introducing_the_digital_transformation_office"
"501","government_as_a_platform"
"891","glossary"
"266","user-centred_design"
"951","new_services_for_business"
"1071","dto.gov.au_gets_the_first_of_many_makeovers"
"1131","‘showing_the_thing’_was_our_theme_last_week_in_the_standards_team"
"1081","preface_to_the_api_design_guide"
"draft","user_account"
"826","workshops"
"1091","the_dto_now_manage_government_authentication_frameworks"
"511","testing_web_accessibility"
"361","assisted_digital"
"1001","online_content_requirements"
"456","making_content_accessible"
"1106","getting_inside_your_head:_analysing_search_behaviours"
"381","analytics_tools"
"846","david_hazlehurst_to_depart_the_dto"
"496","content_management_system"
"1101","how_do_australians_really_feel_about_digital_government_services?"
"141","engage"
"851","digital_service_standard"
"876","creating_cultural_change"
"481","user_research"
"526","open_data"
"926","ethnographic_research"
"366","performance_testing"
"946","new_services_for_individuals"
"741","digitising_mail"
"776","hacking_for_better_government_services"
"1021","content_licensing"
"976","records_management"
"971","service_design_process"
"1136","digital_community_of_practice_event_–_4_september"
"1151","recruitment_campaign_to_find_australia&#039;s_best_tech_talent"
"571","building_digital_services"
"1011","caretaker_conventions"
"766","iaward_innovators"
"1036","files_list_(harradine_report)"
"871","digital_transformation_plan"
"941","2015-16_digital_transformation_agenda_budget_initiatives"
"751","building_better_services_with_analytics"
"temp",""
"436","inclusive_services"
"676","meeting_the_needs_of_different_users"
"1016","metadata"
"536","release_of_the_alpha_digital_service_standard"
"921","affinity_diagramming"
"966","professional_research_methods"
"1041","case_studies"
"461","service_integration"
"421","code_sharing"
"911","privacy_statement"
"931","interviews"
"491","privacy"
"901","web_accessibility"
"1061","digital_transformation_coordinators"
"731","the_digital_transformation_agenda_in_the_2015-16_federal_budget"
"831","scenarios"
"1031","contracts"
"961","trusted_digital_identity_framework"
"756","updates_to_the_scope_of_the_digital_service_standard"
"771","making_government_discoverable"
"291","usability_testing"
"861","meeting_the_standard"
"936","wireframing"
"981","team_recruitment"
"811","personas"
"441","domain_names"
"866","principles_of_digital_service_design"
"821","user_pathways"
"566","case_study:_connecting_with_users_on_social_media"
"1006","cookies"
"1066","it’s_here:_the_digital_service_design_guides_have_arrived_in_alpha"
"506","identity_assurance"
"1111","your_homepage_is_not_your_front_door"
"841","prototyping"
"471","open_standards"
"1051","about_us"
"521","common_website_elements"
"761","transforming_government_information"
"896","copyright"
"261","the_team"
"551","branding"
"986","statistical_data_integration"
"201","feedback_on_design_guidance"
"836","high_level_design"
"1096","open_and_secure"
"791","government_working_with_government:_lessons_from_onegov"
"1056","talking_digital_id"
"556","social_media"
"886","common_government_solutions"
"881","measurement"
"1026","foi_act_and_information_publication_scheme"
"1046","case_study:_opening_government_data_with_the_nationalmap"
"781","where_are_we_heading:_a_future_state_for_user_experience"
"956","better_grants_administration"
"1076","agile"
"396","online_writing"
"816","user_stories"
"856","scope_of_the_digital_service_standard"
"991","common_government_content_and_features"
"906","disclaimer"
"736","putting_the_user_at_the_centre_of_everything"
"641","dto_launches_at_the_digital_innovation_forum"
"561","case_study:_improving_website_user_experiences"
"796","introducing_our_new_ceo_–_fresh_from_the_uk’s_government_digital_service_(gds)."
"466","secure_services"
"546","api"
"996","ministerial_content"
"671","q_&amp;_as_on_the_digital_service_standard"
"916","card_sorting"
"206","introducing_the_digital_transformation_office"
"501","government_as_a_platform"
"891","glossary"
"266","user-centred_design"
"951","new_services_for_business"
"1071","dto.gov.au_gets_the_first_of_many_makeovers"
"1131","‘showing_the_thing’_was_our_theme_last_week_in_the_standards_team"
"1081","preface_to_the_api_design_guide"
"draft","user_account"
"826","workshops"
"1091","the_dto_now_manage_government_authentication_frameworks"
"511","testing_web_accessibility"
"361","assisted_digital"
"1001","online_content_requirements"
"456","making_content_accessible"
"1106","getting_inside_your_head:_analysing_search_behaviours"
"381","analytics_tools"
"846","david_hazlehurst_to_depart_the_dto"
"496","content_management_system"
"1101","how_do_australians_really_feel_about_digital_government_services?"
"141","engage"
"851","digital_service_standard"
"876","creating_cultural_change"
"481","user_research"
"526","open_data"
"926","ethnographic_research"
"366","performance_testing"
"946","new_services_for_individuals"
"741","digitising_mail"
"776","hacking_for_better_government_services"
"1021","content_licensing"
"976","records_management"
"971","service_design_process"
"1136","digital_community_of_practice_event_–_4_september"
"1151","recruitment_campaign_to_find_australia&#039;s_best_tech_talent"
"571","building_digital_services"
"1011","caretaker_conventions"
"766","iaward_innovators"
"1036","files_list_(harradine_report)"
"871","digital_transformation_plan"
"941","2015-16_digital_transformation_agenda_budget_initiatives"
"751","building_better_services_with_analytics"
"temp",""
"436","inclusive_services"
"676","meeting_the_needs_of_different_users"
"1016","metadata"
"536","release_of_the_alpha_digital_service_standard"
"921","affinity_diagramming"
"966","professional_research_methods"
"1041","case_studies"
"461","service_integration"
"421","code_sharing"
"911","privacy_statement"
"931","interviews"
"491","privacy"
"901","web_accessibility"
"1061","digital_transformation_coordinators"
"731","the_digital_transformation_agenda_in_the_2015-16_federal_budget"
"831","scenarios"
"1031","contracts"
"961","trusted_digital_identity_framework"
"756","updates_to_the_scope_of_the_digital_service_standard"
"771","making_government_discoverable"
"291","usability_testing"
"861","meeting_the_standard"
"936","wireframing"
"981","team_recruitment"
"811","personas"
"441","domain_names"
"866","principles_of_digital_service_design"
"821","user_pathways"
"566","case_study:_connecting_with_users_on_social_media"
"1006","cookies"
"1066","it’s_here:_the_digital_service_design_guides_have_arrived_in_alpha"
"506","identity_assurance"
"1111","your_homepage_is_not_your_front_door"
"841","prototyping"
"471","open_standards"
"1051","about_us"
"521","common_website_elements"
"761","transforming_government_information"
"896","copyright"
"261","the_team"
"551","branding"
"986","statistical_data_integration"
"201","feedback_on_design_guidance"
"836","high_level_design"
"1096","open_and_secure"
"791","government_working_with_government:_lessons_from_onegov"
"1056","talking_digital_id"
"556","social_media"
"886","common_government_solutions"
"881","measurement"
"1026","foi_act_and_information_publication_scheme"
"1046","case_study:_opening_government_data_with_the_nationalmap"
"781","where_are_we_heading:_a_future_state_for_user_experience"
"956","better_grants_administration"
"1076","agile"
"396","online_writing"
"816","user_stories"
"856","scope_of_the_digital_service_standard"
"991","common_government_content_and_features"
"906","disclaimer"
"736","putting_the_user_at_the_centre_of_everything"
"641","dto_launches_at_the_digital_innovation_forum"
"561","case_study:_improving_website_user_experiences"
"796","introducing_our_new_ceo_–_fresh_from_the_uk’s_government_digital_service_(gds)."
"466","secure_services"
"546","api"
"996","ministerial_content"
"671","q_&amp;_as_on_the_digital_service_standard"
"916","card_sorting"
"206","introducing_the_digital_transformation_office"
"501","government_as_a_platform"
"891","glossary"
"266","user-centred_design"
"951","new_services_for_business"
"1071","dto.gov.au_gets_the_first_of_many_makeovers"
"1131","‘showing_the_thing’_was_our_theme_last_week_in_the_standards_team"
"1081","preface_to_the_api_design_guide"
"draft","user_account"
"826","workshops"
"1091","the_dto_now_manage_government_authentication_frameworks"
"511","testing_web_accessibility"
"361","assisted_digital"
"1001","online_content_requirements"
"456","making_content_accessible"
"1106","getting_inside_your_head:_analysing_search_behaviours"
"381","analytics_tools"
"846","david_hazlehurst_to_depart_the_dto"
"496","content_management_system"
"1101","how_do_australians_really_feel_about_digital_government_services?"
"141","engage"
"851","digital_service_standard"
"876","creating_cultural_change"
"481","user_research"
"526","open_data"
"926","ethnographic_research"
"366","performance_testing"
"946","new_services_for_individuals"
"741","digitising_mail"
"776","hacking_for_better_government_services"
"1021","content_licensing"
"976","records_management"
"971","service_design_process"
"1136","digital_community_of_practice_event_–_4_september"
"1151","recruitment_campaign_to_find_australia&#039;s_best_tech_talent"
"571","building_digital_services"
"1011","caretaker_conventions"
"766","iaward_innovators"
"1036","files_list_(harradine_report)"
"871","digital_transformation_plan"
