scope-digital-service-standard,scope_of_the_digital_service_standard
'scope-digital-service-standard','scope_of_the_digital_service_standard'
"$FILENAME","$TITLE"
"scope-digital-service-standard","scope_of_the_digital_service_standard"
"",""
"",""
"scope-digital-service-standard","scope_of_the_digital_service_standard"
"temp",""
"budget","2015-16_digital_transformation_agenda_budget_initiatives"
"feedback?url_from=Sharingsourcecode","feedback_on_design_guidance"
"feedback?url_from=Recruitment","feedback_on_design_guidance"
"feedback?url_from=Userresearch-Highleveldesign","feedback_on_design_guidance"
"feedback?url_from=UsabilityTesting","feedback_on_design_guidance"
"feedback-design-guidance?url_from=standardpage","feedback_on_design_guidance"
"blog?page=2","blog"
"sitemap","site_map"
"feedback?url_from=Casestudies","feedback_on_design_guidance"
"feedback?url_from=BuildingSecureServices","feedback_on_design_guidance"
"design-guides","digital_service_design_guide"
"feedback-design-guidance?url_from=Using%20Open%20Standards","feedback_on_design_guidance"
"feedback?url_from=Analyticstools","feedback_on_design_guidance"
"feedback?url_from=FoI","feedback_on_design_guidance"
"feedback?url_from=Theteam","feedback_on_design_guidance"
"team","the_team"
"blog?page=4","blog"
"feedback?url_from=Userresearch-Cardsorting","feedback_on_design_guidance"
"blog?page=1","blog"
"feedback?url_from=Userresearch-Userpathways","feedback_on_design_guidance"
"feedback?url_from=Commonsolutions","feedback_on_design_guidance"
"feedback?url_from=Files%20list%20Hardine%20report","feedback_on_design_guidance"
"user-centred-design","user-centred_design"
"feedback-design-guidance?url_from=Statisticaldataintegration","feedback_on_design_guidance"
"feedback?url_from=Userresearch-Interviews","feedback_on_design_guidance"
"feedback?url_from=Userresearch-researchmethods","feedback_on_design_guidance"
"usability-testing","usability_testing"
"feedback?url_from=Userresearch-Workshops","feedback_on_design_guidance"
"feedback?url_from=Content%20licensing","feedback_on_design_guidance"
"feedback?url_from=Userresarch-Ethnographicresearch","feedback_on_design_guidance"
"feedback?url_from=Social%20Media","feedback_on_design_guidance"
"login","user_account"
"password","user_account"
"feedback-design-guidance?url_from=case-studies","feedback_on_design_guidance"
"feedback?url_from=Userresearch-Affinitydiagraming","feedback_on_design_guidance"
"feedback?url_from=Improvingwebsiteuserexperiences","feedback_on_design_guidance"
"blog?page=3","blog"
"feedback?url_from=Howtoapply","feedback_on_design_guidance"
"feedback?url_from=Caretaker%20conventions","feedback_on_design_guidance"
"engage","engage"
"contact-us","engage"
"feedback?url_from=OnlineContentRequirements","feedback_on_design_guidance"
"feedback?url_from=Connectingwithcustomersonsocialmedia","feedback_on_design_guidance"
"feedback?url_from=MakingContentAccessible","feedback_on_design_guidance"
"feedback?url_from=Common%20website%20elements","feedback_on_design_guidance"
"feedback?url_from=Contracts","feedback_on_design_guidance"
"feedback?url_from=Userresearch-Personas","feedback_on_design_guidance"
"blog?page=5","blog"
"disclaimer","disclaimer"
"1876","your_homepage_is_not_your_front_door"
"136","the_digital_transformation_agenda_in_the_2015-16_federal_budget"
"941","where_are_we_heading:_a_future_state_for_user_experience"
"1516","talking_digital_id"
"1681","talking_digital_id"
"1701","talking_digital_id"
"1791","dto.gov.au_gets_the_first_of_many_makeovers"
"676","transforming_government_information"
"1826","getting_inside_your_head:_analysing_search_behaviours"
"1806","talking_digital_id"
"1686","the_dto_now_manage_government_authentication_frameworks"
"1761","the_dto_now_manage_government_authentication_frameworks"
"536","transforming_government_information"
"1466","dto.gov.au_gets_the_first_of_many_makeovers"
"1336","talking_digital_id"
"1941","how_do_australians_really_feel_about_digital_government_services?"
"1951","how_do_australians_really_feel_about_digital_government_services?"
"1416","dto.gov.au_gets_the_first_of_many_makeovers"
"1296","talking_digital_id"
"606","transforming_government_information"
"156","digitising_mail"
"421","building_better_services_with_analytics"
"16","release_of_the_alpha_digital_service_standard"
"1511","dto.gov.au_gets_the_first_of_many_makeovers"
"1781","dto.gov.au_gets_the_first_of_many_makeovers"
"1481","talking_digital_id"
"491","the_digital_transformation_agenda_in_the_2015-16_federal_budget"
"286","digitising_mail"
"1286","talking_digital_id"
"371","building_better_services_with_analytics"
"86","introducing_the_digital_transformation_office"
"1746","the_dto_now_manage_government_authentication_frameworks"
"1486","talking_digital_id"
"731","making_government_discoverable"
"1521","dto.gov.au_gets_the_first_of_many_makeovers"
"831","making_government_discoverable"
"961","introducing_our_new_ceo_–_fresh_from_the_uk’s_government_digital_service_(gds)."
"711","making_government_discoverable"
"1771","preface_to_the_api_design_guide"
"1256","talking_digital_id"
"91","introducing_the_digital_transformation_office"
"291","digitising_mail"
"1616","preface_to_the_api_design_guide"
"1556","it’s_here:_the_digital_service_design_guides_have_arrived_in_alpha"
"726","making_government_discoverable"
"276","digitising_mail"
"566","transforming_government_information"
"656","transforming_government_information"
"171","digitising_mail"
"1811","the_dto_now_manage_government_authentication_frameworks"
"1886","getting_inside_your_head:_analysing_search_behaviours"
"1301","introducing_our_new_ceo_–_fresh_from_the_uk’s_government_digital_service_(gds)."
"706","making_government_discoverable"
"1531","introducing_our_new_ceo_–_fresh_from_the_uk’s_government_digital_service_(gds)."
"426","building_better_services_with_analytics"
"356","building_better_services_with_analytics"
"506","transforming_government_information"
"841","transforming_government_information"
"471","digitising_mail"
"166","putting_the_user_at_the_centre_of_everything"
"581","transforming_government_information"
"1821","getting_inside_your_head:_analysing_search_behaviours"
"316","digitising_mail"
"126","putting_the_user_at_the_centre_of_everything"
"116","the_digital_transformation_agenda_in_the_2015-16_federal_budget"
"1426","putting_the_user_at_the_centre_of_everything"
"1991","preface_to_the_api_design_guide"
"1741","open_and_secure"
"516","transforming_government_information"
"301","putting_the_user_at_the_centre_of_everything"
"1736","preface_to_the_api_design_guide"
"701","introducing_the_digital_transformation_office"
"1051","introducing_our_new_ceo_–_fresh_from_the_uk’s_government_digital_service_(gds)."
"521","transforming_government_information"
"121","putting_the_user_at_the_centre_of_everything"
"1446","talking_digital_id"
"261","putting_the_user_at_the_centre_of_everything"
"131","putting_the_user_at_the_centre_of_everything"
"271","digitising_mail"
"1146","talking_digital_id"
"1156","talking_digital_id"
"151","putting_the_user_at_the_centre_of_everything"
"1611","preface_to_the_api_design_guide"
"716","transforming_government_information"
"1561","talking_digital_id"
"1306","meeting_the_needs_of_different_users"
"661","updates_to_the_scope_of_the_digital_service_standard"
"236","digitising_mail"
"281","digitising_mail"
"416","building_better_services_with_analytics"
"201","putting_the_user_at_the_centre_of_everything"
"836","making_government_discoverable"
"556","transforming_government_information"
"1141","where_are_we_heading:_a_future_state_for_user_experience"
"1311","meeting_the_needs_of_different_users"
"306","putting_the_user_at_the_centre_of_everything"
"1726","the_dto_now_manage_government_authentication_frameworks"
"1901","how_do_australians_really_feel_about_digital_government_services?"
"1831","open_and_secure"
"1046","introducing_our_new_ceo_–_fresh_from_the_uk’s_government_digital_service_(gds)."
"781","making_government_discoverable"
"746","making_government_discoverable"
"956","introducing_our_new_ceo_–_fresh_from_the_uk’s_government_digital_service_(gds)."
"696","transforming_government_information"
"1076","david_hazlehurst_to_depart_the_dto"
"1856","talking_digital_id"
"1716","talking_digital_id"
"1891","how_do_australians_really_feel_about_digital_government_services?"
"1471","dto.gov.au_gets_the_first_of_many_makeovers"
"991","where_are_we_heading:_a_future_state_for_user_experience"
"1936","building_better_services_with_analytics"
"1606","preface_to_the_api_design_guide"
"601","building_better_services_with_analytics"
"666","transforming_government_information"
"736","making_government_discoverable"
"531","transforming_government_information"
"1766","talking_digital_id"
"621","transforming_government_information"
"1546","dto.gov.au_gets_the_first_of_many_makeovers"
"641","release_of_the_alpha_digital_service_standard"
"561","transforming_government_information"
"76","introducing_the_digital_transformation_office"
"1476","dto.gov.au_gets_the_first_of_many_makeovers"
"611","transforming_government_information"
"161","digitising_mail"
"181","digitising_mail"
"996","where_are_we_heading:_a_future_state_for_user_experience"
"1926","your_homepage_is_not_your_front_door"
"686","building_better_services_with_analytics"
"486","putting_the_user_at_the_centre_of_everything"
"1526","dto.gov.au_gets_the_first_of_many_makeovers"
"146","putting_the_user_at_the_centre_of_everything"
"671","transforming_government_information"
"1621","preface_to_the_api_design_guide"
"616","transforming_government_information"
"1721","talking_digital_id"
"1776","your_homepage_is_not_your_front_door"
"1626","talking_digital_id"
"1871","how_do_australians_really_feel_about_digital_government_services?"
"206","digitising_mail"
"1801","talking_digital_id"
"501","putting_the_user_at_the_centre_of_everything"
"26","introducing_the_digital_transformation_office"
"296","digitising_mail"
"1506","dto.gov.au_gets_the_first_of_many_makeovers"
"1756","preface_to_the_api_design_guide"
"1896","how_do_australians_really_feel_about_digital_government_services?"
"1126","where_are_we_heading:_a_future_state_for_user_experience"
"1906","how_do_australians_really_feel_about_digital_government_services?"
"476","putting_the_user_at_the_centre_of_everything"
"951","introducing_our_new_ceo_–_fresh_from_the_uk’s_government_digital_service_(gds)."
"1071","introducing_our_new_ceo_–_fresh_from_the_uk’s_government_digital_service_(gds)."
"626","transforming_government_information"
"1131","where_are_we_heading:_a_future_state_for_user_experience"
"1786","dto.gov.au_gets_the_first_of_many_makeovers"
"241","putting_the_user_at_the_centre_of_everything"
"66","introducing_the_digital_transformation_office"
"1491","talking_digital_id"
"576","transforming_government_information"
"256","putting_the_user_at_the_centre_of_everything"
"1696","talking_digital_id"
"1451","dto.gov.au_gets_the_first_of_many_makeovers"
"1566","dto.gov.au_gets_the_first_of_many_makeovers"
"511","transforming_government_information"
"361","digitising_mail"
"1961","recruitment_campaign_to_find_australia&#039;s_best_tech_talent"
"1571","it’s_here:_the_digital_service_design_guides_have_arrived_in_alpha"
"1351","talking_digital_id"
"311","putting_the_user_at_the_centre_of_everything"
"1796","talking_digital_id"
"246","digitising_mail"
"1551","talking_digital_id"
"681","transforming_government_information"
"1731","open_and_secure"
"1981","digital_community_of_practice_event_–_4_september"
"541","transforming_government_information"
"1496","dto.gov.au_gets_the_first_of_many_makeovers"
"11","introducing_the_digital_transformation_office"
"141","putting_the_user_at_the_centre_of_everything"
"186","putting_the_user_at_the_centre_of_everything"
"351","building_better_services_with_analytics"
"1691","talking_digital_id"
"1836","getting_inside_your_head:_analysing_search_behaviours"
"591","transforming_government_information"
"111","the_digital_transformation_agenda_in_the_2015-16_federal_budget"
"636","transforming_government_information"
"481","putting_the_user_at_the_centre_of_everything"
"586","transforming_government_information"
"31","introducing_the_digital_transformation_office"
"526","transforming_government_information"
"1921","how_do_australians_really_feel_about_digital_government_services?"
"926","government_working_with_government:_lessons_from_onegov"
"191","digitising_mail"
"1931","preface_to_the_api_design_guide"
"1161","talking_digital_id"
"1501","talking_digital_id"
"1881","getting_inside_your_head:_analysing_search_behaviours"
"1956","talking_digital_id"
"366","putting_the_user_at_the_centre_of_everything"
"1441","dto.gov.au_gets_the_first_of_many_makeovers"
"741","digitising_mail"
"976","introducing_our_new_ceo_–_fresh_from_the_uk’s_government_digital_service_(gds)."
"691","release_of_the_alpha_digital_service_standard"
"596","release_of_the_alpha_digital_service_standard"
"651","updates_to_the_scope_of_the_digital_service_standard"
"971","introducing_our_new_ceo_–_fresh_from_the_uk’s_government_digital_service_(gds)."
"1586","talking_digital_id"
"571","transforming_government_information"
"646","transforming_government_information"
"1011","government_working_with_government:_lessons_from_onegov"
"1866","getting_inside_your_head:_analysing_search_behaviours"
"1036","david_hazlehurst_to_depart_the_dto"
"1166","making_government_discoverable"
"1996","recruitment_campaign_to_find_australia&#039;s_best_tech_talent"
"631","transforming_government_information"
"176","digitising_mail"
"feedback?url_from=Metadata","feedback_on_design_guidance"
"feedback?url_from=Userresearch-Scenarios","feedback_on_design_guidance"
"feedback?url_from=UserCenteredDesign","feedback_on_design_guidance"
"blog","blog"
"feedback?url_from=SEO","feedback_on_design_guidance"
"941","2015-16_digital_transformation_agenda_budget_initiatives"
"751","building_better_services_with_analytics"
"436","inclusive_services"
"676","meeting_the_needs_of_different_users"
"1016","metadata"
"536","release_of_the_alpha_digital_service_standard"
"921","affinity_diagramming"
"966","professional_research_methods"
"1041","case_studies"
"461","service_integration"
"421","code_sharing"
"911","privacy_statement"
"931","interviews"
"491","privacy"
"901","web_accessibility"
"1061","digital_transformation_coordinators"
"731","the_digital_transformation_agenda_in_the_2015-16_federal_budget"
"831","scenarios"
"1031","contracts"
"961","trusted_digital_identity_framework"
"756","updates_to_the_scope_of_the_digital_service_standard"
"771","making_government_discoverable"
"291","usability_testing"
"861","meeting_the_standard"
"936","wireframing"
"981","team_recruitment"
"811","personas"
"441","domain_names"
"866","principles_of_digital_service_design"
"821","user_pathways"
"566","case_study:_connecting_with_users_on_social_media"
"1006","cookies"
"1066","it’s_here:_the_digital_service_design_guides_have_arrived_in_alpha"
"506","identity_assurance"
"1111","your_homepage_is_not_your_front_door"
"841","prototyping"
"471","open_standards"
"1051","about_us"
"521","common_website_elements"
"761","transforming_government_information"
"896","copyright"
"261","the_team"
"551","branding"
"986","statistical_data_integration"
"201","feedback_on_design_guidance"
"836","high_level_design"
"1096","open_and_secure"
"791","government_working_with_government:_lessons_from_onegov"
"1056","talking_digital_id"
"556","social_media"
"886","common_government_solutions"
"881","measurement"
"1026","foi_act_and_information_publication_scheme"
"1046","case_study:_opening_government_data_with_the_nationalmap"
"781","where_are_we_heading:_a_future_state_for_user_experience"
"956","better_grants_administration"
"1076","agile"
"396","online_writing"
"816","user_stories"
"856","scope_of_the_digital_service_standard"
"991","common_government_content_and_features"
"906","disclaimer"
"736","putting_the_user_at_the_centre_of_everything"
"641","dto_launches_at_the_digital_innovation_forum"
"561","case_study:_improving_website_user_experiences"
"796","introducing_our_new_ceo_–_fresh_from_the_uk’s_government_digital_service_(gds)."
"466","secure_services"
"546","api"
"996","ministerial_content"
"671","q_&amp;_as_on_the_digital_service_standard"
"916","card_sorting"
"206","introducing_the_digital_transformation_office"
"501","government_as_a_platform"
"891","glossary"
"266","user-centred_design"
"951","new_services_for_business"
"1071","dto.gov.au_gets_the_first_of_many_makeovers"
"1131","‘showing_the_thing’_was_our_theme_last_week_in_the_standards_team"
"1081","preface_to_the_api_design_guide"
"draft","user_account"
"826","workshops"
"1091","the_dto_now_manage_government_authentication_frameworks"
"511","testing_web_accessibility"
"361","assisted_digital"
"1001","online_content_requirements"
"456","making_content_accessible"
"1106","getting_inside_your_head:_analysing_search_behaviours"
"381","analytics_tools"
"846","david_hazlehurst_to_depart_the_dto"
"496","content_management_system"
"1101","how_do_australians_really_feel_about_digital_government_services?"
"141","engage"
"851","digital_service_standard"
"876","creating_cultural_change"
"481","user_research"
"526","open_data"
"926","ethnographic_research"
"366","performance_testing"
"946","new_services_for_individuals"
"741","digitising_mail"
"776","hacking_for_better_government_services"
"1021","content_licensing"
"976","records_management"
"971","service_design_process"
"1136","digital_community_of_practice_event_–_4_september"
"1151","recruitment_campaign_to_find_australia&#039;s_best_tech_talent"
"571","building_digital_services"
"1011","caretaker_conventions"
"766","iaward_innovators"
"1036","files_list_(harradine_report)"
"871","digital_transformation_plan"
"web-accessibility","web_accessibility"
"feedback?url_from=CasestudyNationalMap","feedback_on_design_guidance"
"feedback?url_from=Meetingthestandard","feedback_on_design_guidance"
"it-s-here-digital-service-design-guides-have-arrived-alpha","it’s_here:_the_digital_service_design_guides_have_arrived_in_alpha"
"Digital-mailbox","blog"
"where-are-we-heading-future-state-user-experience","where_are_we_heading:_a_future_state_for_user_experience"
"digitising-mail?page=1","digitising_mail"
"Face-to-face-services","blog"
"Tell-us-once","blog"
"Digital-transformation-agenda?page=1","blog"
"transforming-government-information?page=2","transforming_government_information"
"Consultation","blog"
"release-alpha-digital-service-standard","release_of_the_alpha_digital_service_standard"
"david-hazlehurst-depart-dto","david_hazlehurst_to_depart_the_dto"
"DTO-update","blog"
"updates-scope-digital-service-standard","updates_to_the_scope_of_the_digital_service_standard"
"putting-user-centre-everything?page=1","putting_the_user_at_the_centre_of_everything"
"transforming-government-information?page=1","transforming_government_information"
"introducing-our-new-ceo-fresh-uk-s-government-digital-service-gds","introducing_our_new_ceo_–_fresh_from_the_uk’s_government_digital_service_(gds)."
"dtogovau-gets-first-many-makeovers","dto.gov.au_gets_the_first_of_many_makeovers"
"talking-digital-id","talking_digital_id"
"digitising-mail","digitising_mail"
"showing-thing-was-our-theme-last-week-standards-team","‘showing_the_thing’_was_our_theme_last_week_in_the_standards_team"
"dto-now-manage-government-authentication-frameworks","the_dto_now_manage_government_authentication_frameworks"
"User-experience","blog"
"meeting-needs-different-users","meeting_the_needs_of_different_users"
"your-homepage-not-your-front-door","your_homepage_is_not_your_front_door"
"Digital-service-standard?page=1","blog"
"government-working-government-lessons-onegov","government_working_with_government:_lessons_from_onegov"
"building-better-services-analytics","building_better_services_with_analytics"
"talking-digital-id?page=2","talking_digital_id"
"talking-digital-id?page=1","talking_digital_id"
"introducing-digital-transformation-office","introducing_the_digital_transformation_office"
"how-do-australians-really-feel-about-digital-government-services","how_do_australians_really_feel_about_digital_government_services?"
"Digital-identity","blog"
"transforming-government-information","transforming_government_information"
"Government-information?page=1","blog"
"User-experience?page=1","blog"
"Digital-service-standard","blog"
"open-and-secure","open_and_secure"
"iaward-innovators","iaward_innovators"
"dtogovau-gets-first-many-makeovers?page=1","dto.gov.au_gets_the_first_of_many_makeovers"
"preface-api-design-guide","preface_to_the_api_design_guide"
"Digital-transformation-agenda","blog"
"putting-user-centre-everything?page=2","putting_the_user_at_the_centre_of_everything"
"putting-user-centre-everything","putting_the_user_at_the_centre_of_everything"
"making-government-discoverable","making_government_discoverable"
"transforming-government-information?page=3","transforming_government_information"
"Government-information","blog"
"recruitment-campaign-find-australias-best-tech-talent","recruitment_campaign_to_find_australia&#039;s_best_tech_talent"
"dto-launches-digital-innovation-forum","dto_launches_at_the_digital_innovation_forum"
"digital-community-practice-event-4-september","digital_community_of_practice_event_–_4_september"
"DTO-update?page=2","blog"
"q-digital-service-standard","q_&amp;_as_on_the_digital_service_standard"
"analysing-search-behaviours","getting_inside_your_head:_analysing_search_behaviours"
"DTO-update?page=1","blog"
"hacking-better-government-services","hacking_for_better_government_services"
"feedback?url_from=Glossary","feedback_on_design_guidance"
"feedback-design-guidance?url_from=Ministerialcontent","feedback_on_design_guidance"
"feedback?url_from=We%20are%20building","feedback_on_design_guidance"
"feedback?url_from=Digitaltransformationplanning","feedback_on_design_guidance"
"index","digital_transformation_office"
"feedback?url_from=DigitalServiceStandardCriteria","feedback_on_design_guidance"
"feedback?url_from=Cookies","feedback_on_design_guidance"
"feedback?url_from=Domain%20names","feedback_on_design_guidance"
"case-studies","case_studies"
"scope_norm","scope_of_the_digital_service_standard"
"scope-digital-service-standard","scope_of_the_digital_service_standard"
"meeting-standard","meeting_the_standard"
"design-principles","principles_of_digital_service_design"
"scope_output",""
"service-design-process","service_design_process"
"creating-cultural-change","creating_cultural_change"
"digital-transformation-coordinators","digital_transformation_coordinators"
"measurement","measurement"
"index","digital_service_standard"
"digital-transformation-plan","digital_transformation_plan"
"common-government-solutions","common_government_solutions"
"glossary","glossary"
"scope_out",""
"tips","compose_tips"
"feedback?url_from=DesigningInclusiveServices","feedback_on_design_guidance"
"feedback?url_from=Testingwebaccessibility","feedback_on_design_guidance"
"feedback?url_from=CreatingCulturalChange","feedback_on_design_guidance"
"feedback?url_from=Digitaltransformationcoordinators","feedback_on_design_guidance"
"user-research","user_research"
"team","the_team"
"code-sharing","code_sharing"
"user-centred-design","user-centred_design"
"performance-testing","performance_testing"
"usability-testing","usability_testing"
"secure-services","secure_services"
"government-platform","government_as_a_platform"
"statistical-data-integration","statistical_data_integration"
"common-website-elements","common_website_elements"
"online-writing","online_writing"
"branding","branding"
"case-study-opening-government-data-nationalmap","case_study:_opening_government_data_with_the_nationalmap"
"content-management-system","content_management_system"
"privacy","privacy"
"assisted-digital","assisted_digital"
"identity-assurance","identity_assurance"
"case-study-connecting-users-social-media","case_study:_connecting_with_users_on_social_media"
"building-digital-services","building_digital_services"
"search-engine-optimisation","search_engine_optimisation"
"api","api"
"analytics-tools","analytics_tools"
"open-data","open_data"
"agile","agile"
"social-media","social_media"
"integrating-offline-activity","service_integration"
"measurement","digital_service_design_guide"
"inclusive-services","inclusive_services"
"open-standards","open_standards"
"testing-web-accessibility","testing_web_accessibility"
"making-content-accessible","making_content_accessible"
"case-study-improving-website-user-experiences","case_study:_improving_website_user_experiences"
"records-management","records_management"
"domain-names","domain_names"
"user-stories","user_stories"
"contracts","contracts"
"professional-research-methods","professional_research_methods"
"ministerial-content","ministerial_content"
"interviews","interviews"
"foi-act-and-information-publication-scheme","foi_act_and_information_publication_scheme"
"affinity-diagramming","affinity_diagramming"
"online-content-requirements","online_content_requirements"
"personas","personas"
"wireframing","wireframing"
"content-licensing","content_licensing"
"files-list-harradine-report","files_list_(harradine_report)"
"prototyping","prototyping"
"ethnographic-research","ethnographic_research"
"workshops","workshops"
"card-sorting","card_sorting"
"cookies","cookies"
"caretaker-conventions","caretaker_conventions"
"scenarios","scenarios"
"common-government-content-and-features","common_government_content_and_features"
"team-recruitment","team_recruitment"
"index","foi_act_and_information_publication_scheme"
"user-pathways","user_pathways"
"metadata","metadata"
"high-level-design","high_level_design"
"affinity-diagraming","affinity_diagramming"
"feedback?url_from=Branding","feedback_on_design_guidance"
"feedback?url_from=BuildingDigitalServices","feedback_on_design_guidance"
"feedback?url_from=UsingAPIs","feedback_on_design_guidance"
"feedback?url_from=AssistedDigital","feedback_on_design_guidance"
"feedback?url_from=Userresearch-Prototyping","feedback_on_design_guidance"
"feedback?url_from=Userresearch","feedback_on_design_guidance"
"feedback?url_from=Scope","feedback_on_design_guidance"
"feedback?url_from=Governmentasaplatform","feedback_on_design_guidance"
"feedback?url_from=SelectingCMS","feedback_on_design_guidance"
"standard","digital_service_standard"
"feedback?url_from=DesignPrinciples","feedback_on_design_guidance"
"feedback?url_from=WritingDigitalContent","feedback_on_design_guidance"
"feedback?url_from=ToolsandSystems%2FPrivacyRequirements","feedback_on_design_guidance"
"feedback?url_from=Performance%20testing","feedback_on_design_guidance"
"feedback?url_from=Recordsmanagement","feedback_on_design_guidance"
"feedback?url_from=Userresearch-Wireframing","feedback_on_design_guidance"
"feedback?url_from=Userresearch-Userstories","feedback_on_design_guidance"
"feedback?url_from=Identityassurance","feedback_on_design_guidance"
"feedback?url_from=OpenData","feedback_on_design_guidance"
"testing-web-accessibility","testing_web_accessibility"
"feedback?url_from=DesignProcess","feedback_on_design_guidance"
"privacy-statement","privacy_statement"
"about","about_us"
"feedback?url_from=Agile%20development","feedback_on_design_guidance"
"feedback-design-guidance","feedback_on_design_guidance"
"feedback?url_from=Measurement","feedback_on_design_guidance"
"better-grants-administration","better_grants_administration"
"trusted-digital-identity-framework","trusted_digital_identity_framework"
"new-services-business","new_services_for_business"
"new-services-individuals","new_services_for_individuals"
"feedback?url_from=Common%20government%20content%20and%20features","feedback_on_design_guidance"
"feedback?url_from=Service%20integration","feedback_on_design_guidance"
"blog.1","blog"
"release-alpha-digital-service-standard","release_of_the_alpha_digital_service_standard"
"digital-transformation-agenda-2015-16-federal-budget","the_digital_transformation_agenda_in_the_2015-16_federal_budget"
"building-better-services-analytics","building_better_services_with_analytics"
"making-government-discoverable","making_government_discoverable"
"copyright","copyright"
"temp",""
"budget","2015-16_digital_transformation_agenda_budget_initiatives"
"feedback?url_from=Sharingsourcecode","feedback_on_design_guidance"
"feedback?url_from=Recruitment","feedback_on_design_guidance"
"feedback?url_from=Userresearch-Highleveldesign","feedback_on_design_guidance"
"feedback?url_from=UsabilityTesting","feedback_on_design_guidance"
"feedback-design-guidance?url_from=standardpage","feedback_on_design_guidance"
"blog?page=2","blog"
"sitemap","site_map"
"feedback?url_from=Casestudies","feedback_on_design_guidance"
"feedback?url_from=BuildingSecureServices","feedback_on_design_guidance"
"design-guides","digital_service_design_guide"
"feedback-design-guidance?url_from=Using%20Open%20Standards","feedback_on_design_guidance"
"feedback?url_from=Analyticstools","feedback_on_design_guidance"
"feedback?url_from=FoI","feedback_on_design_guidance"
"feedback?url_from=Theteam","feedback_on_design_guidance"
"team","the_team"
"blog?page=4","blog"
"feedback?url_from=Userresearch-Cardsorting","feedback_on_design_guidance"
"blog?page=1","blog"
"feedback?url_from=Userresearch-Userpathways","feedback_on_design_guidance"
"feedback?url_from=Commonsolutions","feedback_on_design_guidance"
"feedback?url_from=Files%20list%20Hardine%20report","feedback_on_design_guidance"
"user-centred-design","user-centred_design"
"feedback-design-guidance?url_from=Statisticaldataintegration","feedback_on_design_guidance"
"feedback?url_from=Userresearch-Interviews","feedback_on_design_guidance"
"feedback?url_from=Userresearch-researchmethods","feedback_on_design_guidance"
"usability-testing","usability_testing"
"feedback?url_from=Userresearch-Workshops","feedback_on_design_guidance"
"feedback?url_from=Content%20licensing","feedback_on_design_guidance"
"feedback?url_from=Userresarch-Ethnographicresearch","feedback_on_design_guidance"
"feedback?url_from=Social%20Media","feedback_on_design_guidance"
"login","user_account"
"password","user_account"
"feedback-design-guidance?url_from=case-studies","feedback_on_design_guidance"
"feedback?url_from=Userresearch-Affinitydiagraming","feedback_on_design_guidance"
"feedback?url_from=Improvingwebsiteuserexperiences","feedback_on_design_guidance"
"blog?page=3","blog"
"feedback?url_from=Howtoapply","feedback_on_design_guidance"
"feedback?url_from=Caretaker%20conventions","feedback_on_design_guidance"
"engage","engage"
"contact-us","engage"
"feedback?url_from=OnlineContentRequirements","feedback_on_design_guidance"
"feedback?url_from=Connectingwithcustomersonsocialmedia","feedback_on_design_guidance"
"feedback?url_from=MakingContentAccessible","feedback_on_design_guidance"
"feedback?url_from=Common%20website%20elements","feedback_on_design_guidance"
"feedback?url_from=Contracts","feedback_on_design_guidance"
"feedback?url_from=Userresearch-Personas","feedback_on_design_guidance"
"blog?page=5","blog"
"disclaimer","disclaimer"
"1876","your_homepage_is_not_your_front_door"
"136","the_digital_transformation_agenda_in_the_2015-16_federal_budget"
"941","where_are_we_heading:_a_future_state_for_user_experience"
"1516","talking_digital_id"
"1681","talking_digital_id"
"1701","talking_digital_id"
"1791","dto.gov.au_gets_the_first_of_many_makeovers"
"676","transforming_government_information"
"1826","getting_inside_your_head:_analysing_search_behaviours"
"1806","talking_digital_id"
"1686","the_dto_now_manage_government_authentication_frameworks"
"1761","the_dto_now_manage_government_authentication_frameworks"
"536","transforming_government_information"
"1466","dto.gov.au_gets_the_first_of_many_makeovers"
"1336","talking_digital_id"
"1941","how_do_australians_really_feel_about_digital_government_services?"
"1951","how_do_australians_really_feel_about_digital_government_services?"
"1416","dto.gov.au_gets_the_first_of_many_makeovers"
"1296","talking_digital_id"
"606","transforming_government_information"
"156","digitising_mail"
"421","building_better_services_with_analytics"
"16","release_of_the_alpha_digital_service_standard"
"1511","dto.gov.au_gets_the_first_of_many_makeovers"
"1781","dto.gov.au_gets_the_first_of_many_makeovers"
"1481","talking_digital_id"
"491","the_digital_transformation_agenda_in_the_2015-16_federal_budget"
"286","digitising_mail"
"1286","talking_digital_id"
"371","building_better_services_with_analytics"
"86","introducing_the_digital_transformation_office"
"1746","the_dto_now_manage_government_authentication_frameworks"
"1486","talking_digital_id"
"731","making_government_discoverable"
"1521","dto.gov.au_gets_the_first_of_many_makeovers"
"831","making_government_discoverable"
"961","introducing_our_new_ceo_–_fresh_from_the_uk’s_government_digital_service_(gds)."
"711","making_government_discoverable"
"1771","preface_to_the_api_design_guide"
"1256","talking_digital_id"
"91","introducing_the_digital_transformation_office"
"291","digitising_mail"
"1616","preface_to_the_api_design_guide"
"1556","it’s_here:_the_digital_service_design_guides_have_arrived_in_alpha"
"726","making_government_discoverable"
"276","digitising_mail"
"566","transforming_government_information"
"656","transforming_government_information"
"171","digitising_mail"
"1811","the_dto_now_manage_government_authentication_frameworks"
"1886","getting_inside_your_head:_analysing_search_behaviours"
"1301","introducing_our_new_ceo_–_fresh_from_the_uk’s_government_digital_service_(gds)."
"706","making_government_discoverable"
"1531","introducing_our_new_ceo_–_fresh_from_the_uk’s_government_digital_service_(gds)."
"426","building_better_services_with_analytics"
"356","building_better_services_with_analytics"
"506","transforming_government_information"
"841","transforming_government_information"
"471","digitising_mail"
"166","putting_the_user_at_the_centre_of_everything"
"581","transforming_government_information"
"1821","getting_inside_your_head:_analysing_search_behaviours"
"316","digitising_mail"
"126","putting_the_user_at_the_centre_of_everything"
"116","the_digital_transformation_agenda_in_the_2015-16_federal_budget"
"1426","putting_the_user_at_the_centre_of_everything"
"1991","preface_to_the_api_design_guide"
"1741","open_and_secure"
"516","transforming_government_information"
"301","putting_the_user_at_the_centre_of_everything"
"1736","preface_to_the_api_design_guide"
"701","introducing_the_digital_transformation_office"
"1051","introducing_our_new_ceo_–_fresh_from_the_uk’s_government_digital_service_(gds)."
"521","transforming_government_information"
"121","putting_the_user_at_the_centre_of_everything"
"1446","talking_digital_id"
"261","putting_the_user_at_the_centre_of_everything"
"131","putting_the_user_at_the_centre_of_everything"
"271","digitising_mail"
"1146","talking_digital_id"
"1156","talking_digital_id"
"151","putting_the_user_at_the_centre_of_everything"
"1611","preface_to_the_api_design_guide"
"716","transforming_government_information"
"1561","talking_digital_id"
"1306","meeting_the_needs_of_different_users"
"661","updates_to_the_scope_of_the_digital_service_standard"
"236","digitising_mail"
"281","digitising_mail"
"416","building_better_services_with_analytics"
"201","putting_the_user_at_the_centre_of_everything"
"836","making_government_discoverable"
"556","transforming_government_information"
"1141","where_are_we_heading:_a_future_state_for_user_experience"
"1311","meeting_the_needs_of_different_users"
"306","putting_the_user_at_the_centre_of_everything"
"1726","the_dto_now_manage_government_authentication_frameworks"
"1901","how_do_australians_really_feel_about_digital_government_services?"
"1831","open_and_secure"
"1046","introducing_our_new_ceo_–_fresh_from_the_uk’s_government_digital_service_(gds)."
"781","making_government_discoverable"
"746","making_government_discoverable"
"956","introducing_our_new_ceo_–_fresh_from_the_uk’s_government_digital_service_(gds)."
"696","transforming_government_information"
"1076","david_hazlehurst_to_depart_the_dto"
"1856","talking_digital_id"
"1716","talking_digital_id"
"1891","how_do_australians_really_feel_about_digital_government_services?"
"1471","dto.gov.au_gets_the_first_of_many_makeovers"
"991","where_are_we_heading:_a_future_state_for_user_experience"
"1936","building_better_services_with_analytics"
"1606","preface_to_the_api_design_guide"
"601","building_better_services_with_analytics"
"666","transforming_government_information"
"736","making_government_discoverable"
"531","transforming_government_information"
"1766","talking_digital_id"
"621","transforming_government_information"
"1546","dto.gov.au_gets_the_first_of_many_makeovers"
"641","release_of_the_alpha_digital_service_standard"
"561","transforming_government_information"
"76","introducing_the_digital_transformation_office"
"1476","dto.gov.au_gets_the_first_of_many_makeovers"
"611","transforming_government_information"
"161","digitising_mail"
"181","digitising_mail"
"996","where_are_we_heading:_a_future_state_for_user_experience"
"1926","your_homepage_is_not_your_front_door"
"686","building_better_services_with_analytics"
"486","putting_the_user_at_the_centre_of_everything"
"1526","dto.gov.au_gets_the_first_of_many_makeovers"
"146","putting_the_user_at_the_centre_of_everything"
"671","transforming_government_information"
"1621","preface_to_the_api_design_guide"
"616","transforming_government_information"
"1721","talking_digital_id"
"1776","your_homepage_is_not_your_front_door"
"1626","talking_digital_id"
"1871","how_do_australians_really_feel_about_digital_government_services?"
"206","digitising_mail"
"1801","talking_digital_id"
"501","putting_the_user_at_the_centre_of_everything"
"26","introducing_the_digital_transformation_office"
"296","digitising_mail"
"1506","dto.gov.au_gets_the_first_of_many_makeovers"
"1756","preface_to_the_api_design_guide"
"1896","how_do_australians_really_feel_about_digital_government_services?"
"1126","where_are_we_heading:_a_future_state_for_user_experience"
"1906","how_do_australians_really_feel_about_digital_government_services?"
"476","putting_the_user_at_the_centre_of_everything"
"951","introducing_our_new_ceo_–_fresh_from_the_uk’s_government_digital_service_(gds)."
"1071","introducing_our_new_ceo_–_fresh_from_the_uk’s_government_digital_service_(gds)."
"626","transforming_government_information"
"1131","where_are_we_heading:_a_future_state_for_user_experience"
"1786","dto.gov.au_gets_the_first_of_many_makeovers"
"241","putting_the_user_at_the_centre_of_everything"
"66","introducing_the_digital_transformation_office"
"1491","talking_digital_id"
"576","transforming_government_information"
"256","putting_the_user_at_the_centre_of_everything"
"1696","talking_digital_id"
"1451","dto.gov.au_gets_the_first_of_many_makeovers"
"1566","dto.gov.au_gets_the_first_of_many_makeovers"
"511","transforming_government_information"
"361","digitising_mail"
"1961","recruitment_campaign_to_find_australia&#039;s_best_tech_talent"
"1571","it’s_here:_the_digital_service_design_guides_have_arrived_in_alpha"
"1351","talking_digital_id"
"311","putting_the_user_at_the_centre_of_everything"
"1796","talking_digital_id"
"246","digitising_mail"
"1551","talking_digital_id"
"681","transforming_government_information"
"1731","open_and_secure"
"1981","digital_community_of_practice_event_–_4_september"
"541","transforming_government_information"
"1496","dto.gov.au_gets_the_first_of_many_makeovers"
"11","introducing_the_digital_transformation_office"
"141","putting_the_user_at_the_centre_of_everything"
"186","putting_the_user_at_the_centre_of_everything"
"351","building_better_services_with_analytics"
"1691","talking_digital_id"
"1836","getting_inside_your_head:_analysing_search_behaviours"
"591","transforming_government_information"
"111","the_digital_transformation_agenda_in_the_2015-16_federal_budget"
"636","transforming_government_information"
"481","putting_the_user_at_the_centre_of_everything"
"586","transforming_government_information"
"31","introducing_the_digital_transformation_office"
"526","transforming_government_information"
"1921","how_do_australians_really_feel_about_digital_government_services?"
"926","government_working_with_government:_lessons_from_onegov"
"191","digitising_mail"
"1931","preface_to_the_api_design_guide"
"1161","talking_digital_id"
"1501","talking_digital_id"
"1881","getting_inside_your_head:_analysing_search_behaviours"
"1956","talking_digital_id"
"366","putting_the_user_at_the_centre_of_everything"
"1441","dto.gov.au_gets_the_first_of_many_makeovers"
"741","digitising_mail"
"976","introducing_our_new_ceo_–_fresh_from_the_uk’s_government_digital_service_(gds)."
"691","release_of_the_alpha_digital_service_standard"
"596","release_of_the_alpha_digital_service_standard"
"651","updates_to_the_scope_of_the_digital_service_standard"
"971","introducing_our_new_ceo_–_fresh_from_the_uk’s_government_digital_service_(gds)."
"1586","talking_digital_id"
"571","transforming_government_information"
"646","transforming_government_information"
"1011","government_working_with_government:_lessons_from_onegov"
"1866","getting_inside_your_head:_analysing_search_behaviours"
"1036","david_hazlehurst_to_depart_the_dto"
"1166","making_government_discoverable"
"1996","recruitment_campaign_to_find_australia&#039;s_best_tech_talent"
"631","transforming_government_information"
"176","digitising_mail"
"feedback?url_from=Metadata","feedback_on_design_guidance"
"feedback?url_from=Userresearch-Scenarios","feedback_on_design_guidance"
"feedback?url_from=UserCenteredDesign","feedback_on_design_guidance"
"blog","blog"
"feedback?url_from=SEO","feedback_on_design_guidance"
"941","2015-16_digital_transformation_agenda_budget_initiatives"
"751","building_better_services_with_analytics"
"436","inclusive_services"
"676","meeting_the_needs_of_different_users"
"1016","metadata"
"536","release_of_the_alpha_digital_service_standard"
"921","affinity_diagramming"
"966","professional_research_methods"
"1041","case_studies"
"461","service_integration"
"421","code_sharing"
"911","privacy_statement"
"931","interviews"
"491","privacy"
"901","web_accessibility"
"1061","digital_transformation_coordinators"
"731","the_digital_transformation_agenda_in_the_2015-16_federal_budget"
"831","scenarios"
"1031","contracts"
"961","trusted_digital_identity_framework"
"756","updates_to_the_scope_of_the_digital_service_standard"
"771","making_government_discoverable"
"291","usability_testing"
"861","meeting_the_standard"
"936","wireframing"
"981","team_recruitment"
"811","personas"
"441","domain_names"
"866","principles_of_digital_service_design"
"821","user_pathways"
"566","case_study:_connecting_with_users_on_social_media"
"1006","cookies"
"1066","it’s_here:_the_digital_service_design_guides_have_arrived_in_alpha"
"506","identity_assurance"
"1111","your_homepage_is_not_your_front_door"
"841","prototyping"
"471","open_standards"
"1051","about_us"
"521","common_website_elements"
"761","transforming_government_information"
"896","copyright"
"261","the_team"
"551","branding"
"986","statistical_data_integration"
"201","feedback_on_design_guidance"
"836","high_level_design"
"1096","open_and_secure"
"791","government_working_with_government:_lessons_from_onegov"
"1056","talking_digital_id"
"556","social_media"
"886","common_government_solutions"
"881","measurement"
"1026","foi_act_and_information_publication_scheme"
"1046","case_study:_opening_government_data_with_the_nationalmap"
"781","where_are_we_heading:_a_future_state_for_user_experience"
"956","better_grants_administration"
"1076","agile"
"396","online_writing"
"816","user_stories"
"856","scope_of_the_digital_service_standard"
"991","common_government_content_and_features"
"906","disclaimer"
"736","putting_the_user_at_the_centre_of_everything"
"641","dto_launches_at_the_digital_innovation_forum"
"561","case_study:_improving_website_user_experiences"
"796","introducing_our_new_ceo_–_fresh_from_the_uk’s_government_digital_service_(gds)."
"466","secure_services"
"546","api"
"996","ministerial_content"
"671","q_&amp;_as_on_the_digital_service_standard"
"916","card_sorting"
"206","introducing_the_digital_transformation_office"
"501","government_as_a_platform"
"891","glossary"
"266","user-centred_design"
"951","new_services_for_business"
"1071","dto.gov.au_gets_the_first_of_many_makeovers"
"1131","‘showing_the_thing’_was_our_theme_last_week_in_the_standards_team"
"1081","preface_to_the_api_design_guide"
"draft","user_account"
"826","workshops"
"1091","the_dto_now_manage_government_authentication_frameworks"
"511","testing_web_accessibility"
"361","assisted_digital"
"1001","online_content_requirements"
"456","making_content_accessible"
"1106","getting_inside_your_head:_analysing_search_behaviours"
"381","analytics_tools"
"846","david_hazlehurst_to_depart_the_dto"
"496","content_management_system"
"1101","how_do_australians_really_feel_about_digital_government_services?"
"141","engage"
"851","digital_service_standard"
"876","creating_cultural_change"
"481","user_research"
"526","open_data"
"926","ethnographic_research"
"366","performance_testing"
"946","new_services_for_individuals"
"741","digitising_mail"
"776","hacking_for_better_government_services"
"1021","content_licensing"
"976","records_management"
"971","service_design_process"
"1136","digital_community_of_practice_event_–_4_september"
"1151","recruitment_campaign_to_find_australia&#039;s_best_tech_talent"
"571","building_digital_services"
"1011","caretaker_conventions"
"766","iaward_innovators"
"1036","files_list_(harradine_report)"
"871","digital_transformation_plan"
"web-accessibility","web_accessibility"
"feedback?url_from=CasestudyNationalMap","feedback_on_design_guidance"
"feedback?url_from=Meetingthestandard","feedback_on_design_guidance"
"it-s-here-digital-service-design-guides-have-arrived-alpha","it’s_here:_the_digital_service_design_guides_have_arrived_in_alpha"
"Digital-mailbox","blog"
"where-are-we-heading-future-state-user-experience","where_are_we_heading:_a_future_state_for_user_experience"
"digitising-mail?page=1","digitising_mail"
"Face-to-face-services","blog"
"Tell-us-once","blog"
"Digital-transformation-agenda?page=1","blog"
"transforming-government-information?page=2","transforming_government_information"
"Consultation","blog"
"release-alpha-digital-service-standard","release_of_the_alpha_digital_service_standard"
"david-hazlehurst-depart-dto","david_hazlehurst_to_depart_the_dto"
"DTO-update","blog"
"updates-scope-digital-service-standard","updates_to_the_scope_of_the_digital_service_standard"
"putting-user-centre-everything?page=1","putting_the_user_at_the_centre_of_everything"
"transforming-government-information?page=1","transforming_government_information"
"introducing-our-new-ceo-fresh-uk-s-government-digital-service-gds","introducing_our_new_ceo_–_fresh_from_the_uk’s_government_digital_service_(gds)."
"dtogovau-gets-first-many-makeovers","dto.gov.au_gets_the_first_of_many_makeovers"
"talking-digital-id","talking_digital_id"
"digitising-mail","digitising_mail"
"showing-thing-was-our-theme-last-week-standards-team","‘showing_the_thing’_was_our_theme_last_week_in_the_standards_team"
"dto-now-manage-government-authentication-frameworks","the_dto_now_manage_government_authentication_frameworks"
"User-experience","blog"
"meeting-needs-different-users","meeting_the_needs_of_different_users"
"your-homepage-not-your-front-door","your_homepage_is_not_your_front_door"
"Digital-service-standard?page=1","blog"
"government-working-government-lessons-onegov","government_working_with_government:_lessons_from_onegov"
"building-better-services-analytics","building_better_services_with_analytics"
"talking-digital-id?page=2","talking_digital_id"
"talking-digital-id?page=1","talking_digital_id"
"introducing-digital-transformation-office","introducing_the_digital_transformation_office"
"how-do-australians-really-feel-about-digital-government-services","how_do_australians_really_feel_about_digital_government_services?"
"Digital-identity","blog"
"transforming-government-information","transforming_government_information"
"Government-information?page=1","blog"
"User-experience?page=1","blog"
"Digital-service-standard","blog"
"open-and-secure","open_and_secure"
"iaward-innovators","iaward_innovators"
"dtogovau-gets-first-many-makeovers?page=1","dto.gov.au_gets_the_first_of_many_makeovers"
"preface-api-design-guide","preface_to_the_api_design_guide"
"Digital-transformation-agenda","blog"
"putting-user-centre-everything?page=2","putting_the_user_at_the_centre_of_everything"
"putting-user-centre-everything","putting_the_user_at_the_centre_of_everything"
"making-government-discoverable","making_government_discoverable"
"transforming-government-information?page=3","transforming_government_information"
"Government-information","blog"
"recruitment-campaign-find-australias-best-tech-talent","recruitment_campaign_to_find_australia&#039;s_best_tech_talent"
"dto-launches-digital-innovation-forum","dto_launches_at_the_digital_innovation_forum"
"digital-community-practice-event-4-september","digital_community_of_practice_event_–_4_september"
"DTO-update?page=2","blog"
"q-digital-service-standard","q_&amp;_as_on_the_digital_service_standard"
"analysing-search-behaviours","getting_inside_your_head:_analysing_search_behaviours"
"DTO-update?page=1","blog"
"hacking-better-government-services","hacking_for_better_government_services"
"feedback?url_from=Glossary","feedback_on_design_guidance"
"feedback-design-guidance?url_from=Ministerialcontent","feedback_on_design_guidance"
"feedback?url_from=We%20are%20building","feedback_on_design_guidance"
"feedback?url_from=Digitaltransformationplanning","feedback_on_design_guidance"
"index","digital_transformation_office"
"feedback?url_from=DigitalServiceStandardCriteria","feedback_on_design_guidance"
"feedback?url_from=Cookies","feedback_on_design_guidance"
"feedback?url_from=Domain%20names","feedback_on_design_guidance"
"case-studies","case_studies"
"scope_norm","scope_of_the_digital_service_standard"
"scope-digital-service-standard","scope_of_the_digital_service_standard"
"meeting-standard","meeting_the_standard"
"design-principles","principles_of_digital_service_design"
"scope_output",""
"service-design-process","service_design_process"
"creating-cultural-change","creating_cultural_change"
"digital-transformation-coordinators","digital_transformation_coordinators"
"measurement","measurement"
"index","digital_service_standard"
"digital-transformation-plan","digital_transformation_plan"
"common-government-solutions","common_government_solutions"
"glossary","glossary"
"scope_out",""
"tips","compose_tips"
"feedback?url_from=DesigningInclusiveServices","feedback_on_design_guidance"
"feedback?url_from=Testingwebaccessibility","feedback_on_design_guidance"
"feedback?url_from=CreatingCulturalChange","feedback_on_design_guidance"
"feedback?url_from=Digitaltransformationcoordinators","feedback_on_design_guidance"
"user-research","user_research"
"team","the_team"
"code-sharing","code_sharing"
"user-centred-design","user-centred_design"
"performance-testing","performance_testing"
"usability-testing","usability_testing"
"secure-services","secure_services"
"government-platform","government_as_a_platform"
"statistical-data-integration","statistical_data_integration"
"common-website-elements","common_website_elements"
"online-writing","online_writing"
"branding","branding"
"case-study-opening-government-data-nationalmap","case_study:_opening_government_data_with_the_nationalmap"
"content-management-system","content_management_system"
"privacy","privacy"
"assisted-digital","assisted_digital"
"identity-assurance","identity_assurance"
"case-study-connecting-users-social-media","case_study:_connecting_with_users_on_social_media"
"building-digital-services","building_digital_services"
"search-engine-optimisation","search_engine_optimisation"
"api","api"
"analytics-tools","analytics_tools"
"open-data","open_data"
"agile","agile"
"social-media","social_media"
"integrating-offline-activity","service_integration"
"measurement","digital_service_design_guide"
"inclusive-services","inclusive_services"
"open-standards","open_standards"
"testing-web-accessibility","testing_web_accessibility"
"making-content-accessible","making_content_accessible"
"case-study-improving-website-user-experiences","case_study:_improving_website_user_experiences"
"records-management","records_management"
"domain-names","domain_names"
"user-stories","user_stories"
"contracts","contracts"
"professional-research-methods","professional_research_methods"
"ministerial-content","ministerial_content"
"interviews","interviews"
"foi-act-and-information-publication-scheme","foi_act_and_information_publication_scheme"
"affinity-diagramming","affinity_diagramming"
"online-content-requirements","online_content_requirements"
"personas","personas"
"wireframing","wireframing"
"content-licensing","content_licensing"
"files-list-harradine-report","files_list_(harradine_report)"
"prototyping","prototyping"
"ethnographic-research","ethnographic_research"
"workshops","workshops"
"card-sorting","card_sorting"
"cookies","cookies"
"caretaker-conventions","caretaker_conventions"
"scenarios","scenarios"
"common-government-content-and-features","common_government_content_and_features"
"team-recruitment","team_recruitment"
"index","foi_act_and_information_publication_scheme"
"user-pathways","user_pathways"
"metadata","metadata"
"high-level-design","high_level_design"
"affinity-diagraming","affinity_diagramming"
"feedback?url_from=Branding","feedback_on_design_guidance"
"feedback?url_from=BuildingDigitalServices","feedback_on_design_guidance"
"feedback?url_from=UsingAPIs","feedback_on_design_guidance"
"feedback?url_from=AssistedDigital","feedback_on_design_guidance"
"feedback?url_from=Userresearch-Prototyping","feedback_on_design_guidance"
"feedback?url_from=Userresearch","feedback_on_design_guidance"
"feedback?url_from=Scope","feedback_on_design_guidance"
"feedback?url_from=Governmentasaplatform","feedback_on_design_guidance"
"feedback?url_from=SelectingCMS","feedback_on_design_guidance"
"standard","digital_service_standard"
"feedback?url_from=DesignPrinciples","feedback_on_design_guidance"
"feedback?url_from=WritingDigitalContent","feedback_on_design_guidance"
"feedback?url_from=ToolsandSystems%2FPrivacyRequirements","feedback_on_design_guidance"
"feedback?url_from=Performance%20testing","feedback_on_design_guidance"
"feedback?url_from=Recordsmanagement","feedback_on_design_guidance"
"feedback?url_from=Userresearch-Wireframing","feedback_on_design_guidance"
"feedback?url_from=Userresearch-Userstories","feedback_on_design_guidance"
"feedback?url_from=Identityassurance","feedback_on_design_guidance"
"feedback?url_from=OpenData","feedback_on_design_guidance"
"testing-web-accessibility","testing_web_accessibility"
"feedback?url_from=DesignProcess","feedback_on_design_guidance"
"privacy-statement","privacy_statement"
"about","about_us"
"feedback?url_from=Agile%20development","feedback_on_design_guidance"
"feedback-design-guidance","feedback_on_design_guidance"
"feedback?url_from=Measurement","feedback_on_design_guidance"
"better-grants-administration","better_grants_administration"
"trusted-digital-identity-framework","trusted_digital_identity_framework"
"new-services-business","new_services_for_business"
"new-services-individuals","new_services_for_individuals"
"feedback?url_from=Common%20government%20content%20and%20features","feedback_on_design_guidance"
"feedback?url_from=Service%20integration","feedback_on_design_guidance"
"blog.1","blog"
"release-alpha-digital-service-standard","release_of_the_alpha_digital_service_standard"
"digital-transformation-agenda-2015-16-federal-budget","the_digital_transformation_agenda_in_the_2015-16_federal_budget"
"building-better-services-analytics","building_better_services_with_analytics"
"making-government-discoverable","making_government_discoverable"
"copyright","copyright"
