index.html,foi_act_and_information_publication_scheme.md
workshops.html,foi_act_and_information_publication_scheme.md
wireframing.html,foi_act_and_information_publication_scheme.md
user-stories.html,foi_act_and_information_publication_scheme.md
user-pathways.html,foi_act_and_information_publication_scheme.md
team-recruitment.html,foi_act_and_information_publication_scheme.md
scenarios.html,foi_act_and_information_publication_scheme.md
prototyping.html,foi_act_and_information_publication_scheme.md
professional-research-methods.html,foi_act_and_information_publication_scheme.md
personas.html,foi_act_and_information_publication_scheme.md
online-content-requirements.html,foi_act_and_information_publication_scheme.md
ministerial-content.html,foi_act_and_information_publication_scheme.md
metadata.html,foi_act_and_information_publication_scheme.md
interviews.html,foi_act_and_information_publication_scheme.md
high-level-design.html,foi_act_and_information_publication_scheme.md
foi-act-and-information-publication-scheme.html,foi_act_and_information_publication_scheme.md
files-list-harradine-report.html,foi_act_and_information_publication_scheme.md
ethnographic-research.html,foi_act_and_information_publication_scheme.md
cookies.html,foi_act_and_information_publication_scheme.md
contracts.html,foi_act_and_information_publication_scheme.md
content-licensing.html,foi_act_and_information_publication_scheme.md
common-government-content-and-features.html,foi_act_and_information_publication_scheme.md
caretaker-conventions.html,foi_act_and_information_publication_scheme.md
card-sorting.html,foi_act_and_information_publication_scheme.md
affinity-diagramming.html,foi_act_and_information_publication_scheme.md
affinity-diagraming.html,foi_act_and_information_publication_scheme.md
user-research.html,foi_act_and_information_publication_scheme.md
user-centred-design.html,foi_act_and_information_publication_scheme.md
usability-testing.html,foi_act_and_information_publication_scheme.md
testing-web-accessibility.html,foi_act_and_information_publication_scheme.md
team.html,foi_act_and_information_publication_scheme.md
statistical-data-integration.html,foi_act_and_information_publication_scheme.md
social-media.html,foi_act_and_information_publication_scheme.md
secure-services.html,foi_act_and_information_publication_scheme.md
search-engine-optimisation.html,foi_act_and_information_publication_scheme.md
records-management.html,foi_act_and_information_publication_scheme.md
privacy.html,foi_act_and_information_publication_scheme.md
performance-testing.html,foi_act_and_information_publication_scheme.md
open-standards.html,foi_act_and_information_publication_scheme.md
open-data.html,foi_act_and_information_publication_scheme.md
online-writing.html,foi_act_and_information_publication_scheme.md
measurement.html,foi_act_and_information_publication_scheme.md
making-content-accessible.html,foi_act_and_information_publication_scheme.md
integrating-offline-activity.html,foi_act_and_information_publication_scheme.md
inclusive-services.html,foi_act_and_information_publication_scheme.md
identity-assurance.html,foi_act_and_information_publication_scheme.md
government-platform.html,foi_act_and_information_publication_scheme.md
domain-names.html,foi_act_and_information_publication_scheme.md
content-management-system.html,foi_act_and_information_publication_scheme.md
common-website-elements.html,foi_act_and_information_publication_scheme.md
code-sharing.html,foi_act_and_information_publication_scheme.md
case-study-opening-government-data-nationalmap.html,foi_act_and_information_publication_scheme.md
case-study-improving-website-user-experiences.html,foi_act_and_information_publication_scheme.md
case-study-connecting-users-social-media.html,foi_act_and_information_publication_scheme.md
building-digital-services.html,foi_act_and_information_publication_scheme.md
branding.html,foi_act_and_information_publication_scheme.md
assisted-digital.html,foi_act_and_information_publication_scheme.md
api.html,foi_act_and_information_publication_scheme.md
analytics-tools.html,foi_act_and_information_publication_scheme.md
agile.html,foi_act_and_information_publication_scheme.md
measurement.html,foi_act_and_information_publication_scheme.md
digital-transformation-coordinators.html,foi_act_and_information_publication_scheme.md
creating-cultural-change.html,foi_act_and_information_publication_scheme.md
service-design-process.html,foi_act_and_information_publication_scheme.md
scope-digital-service-standard.html,foi_act_and_information_publication_scheme.md
meeting-standard.html,foi_act_and_information_publication_scheme.md
index.html,foi_act_and_information_publication_scheme.md
glossary.html,foi_act_and_information_publication_scheme.md
digital-transformation-plan.html,foi_act_and_information_publication_scheme.md
design-principles.html,foi_act_and_information_publication_scheme.md
common-government-solutions.html,foi_act_and_information_publication_scheme.md
case-studies.html,foi_act_and_information_publication_scheme.md
release-alpha-digital-service-standard.html,foi_act_and_information_publication_scheme.md
making-government-discoverable.html,foi_act_and_information_publication_scheme.md
digital-transformation-agenda-2015-16-federal-budget.html,foi_act_and_information_publication_scheme.md
building-better-services-analytics.html,foi_act_and_information_publication_scheme.md
blog.1.html,foi_act_and_information_publication_scheme.md
996.html,foi_act_and_information_publication_scheme.md
991.html,foi_act_and_information_publication_scheme.md
986.html,foi_act_and_information_publication_scheme.md
981.html,foi_act_and_information_publication_scheme.md
976.html,foi_act_and_information_publication_scheme.md
971.html,foi_act_and_information_publication_scheme.md
966.html,foi_act_and_information_publication_scheme.md
961.html,foi_act_and_information_publication_scheme.md
956.html,foi_act_and_information_publication_scheme.md
951.html,foi_act_and_information_publication_scheme.md
946.html,foi_act_and_information_publication_scheme.md
941.html,foi_act_and_information_publication_scheme.md
936.html,foi_act_and_information_publication_scheme.md
931.html,foi_act_and_information_publication_scheme.md
926.html,foi_act_and_information_publication_scheme.md
921.html,foi_act_and_information_publication_scheme.md
916.html,foi_act_and_information_publication_scheme.md
911.html,foi_act_and_information_publication_scheme.md
906.html,foi_act_and_information_publication_scheme.md
901.html,foi_act_and_information_publication_scheme.md
896.html,foi_act_and_information_publication_scheme.md
891.html,foi_act_and_information_publication_scheme.md
886.html,foi_act_and_information_publication_scheme.md
881.html,foi_act_and_information_publication_scheme.md
876.html,foi_act_and_information_publication_scheme.md
871.html,foi_act_and_information_publication_scheme.md
866.html,foi_act_and_information_publication_scheme.md
861.html,foi_act_and_information_publication_scheme.md
856.html,foi_act_and_information_publication_scheme.md
851.html,foi_act_and_information_publication_scheme.md
846.html,foi_act_and_information_publication_scheme.md
841.html,foi_act_and_information_publication_scheme.md
836.html,foi_act_and_information_publication_scheme.md
831.html,foi_act_and_information_publication_scheme.md
826.html,foi_act_and_information_publication_scheme.md
821.html,foi_act_and_information_publication_scheme.md
816.html,foi_act_and_information_publication_scheme.md
811.html,foi_act_and_information_publication_scheme.md
796.html,foi_act_and_information_publication_scheme.md
791.html,foi_act_and_information_publication_scheme.md
781.html,foi_act_and_information_publication_scheme.md
776.html,foi_act_and_information_publication_scheme.md
771.html,foi_act_and_information_publication_scheme.md
766.html,foi_act_and_information_publication_scheme.md
761.html,foi_act_and_information_publication_scheme.md
756.html,foi_act_and_information_publication_scheme.md
751.html,foi_act_and_information_publication_scheme.md
741.html,foi_act_and_information_publication_scheme.md
736.html,foi_act_and_information_publication_scheme.md
731.html,foi_act_and_information_publication_scheme.md
676.html,foi_act_and_information_publication_scheme.md
671.html,foi_act_and_information_publication_scheme.md
641.html,foi_act_and_information_publication_scheme.md
571.html,foi_act_and_information_publication_scheme.md
566.html,foi_act_and_information_publication_scheme.md
561.html,foi_act_and_information_publication_scheme.md
556.html,foi_act_and_information_publication_scheme.md
551.html,foi_act_and_information_publication_scheme.md
546.html,foi_act_and_information_publication_scheme.md
536.html,foi_act_and_information_publication_scheme.md
526.html,foi_act_and_information_publication_scheme.md
521.html,foi_act_and_information_publication_scheme.md
511.html,foi_act_and_information_publication_scheme.md
506.html,foi_act_and_information_publication_scheme.md
501.html,foi_act_and_information_publication_scheme.md
496.html,foi_act_and_information_publication_scheme.md
491.html,foi_act_and_information_publication_scheme.md
481.html,foi_act_and_information_publication_scheme.md
471.html,foi_act_and_information_publication_scheme.md
466.html,foi_act_and_information_publication_scheme.md
461.html,foi_act_and_information_publication_scheme.md
456.html,foi_act_and_information_publication_scheme.md
441.html,foi_act_and_information_publication_scheme.md
436.html,foi_act_and_information_publication_scheme.md
421.html,foi_act_and_information_publication_scheme.md
396.html,foi_act_and_information_publication_scheme.md
381.html,foi_act_and_information_publication_scheme.md
366.html,foi_act_and_information_publication_scheme.md
361.html,foi_act_and_information_publication_scheme.md
291.html,foi_act_and_information_publication_scheme.md
266.html,foi_act_and_information_publication_scheme.md
261.html,foi_act_and_information_publication_scheme.md
206.html,foi_act_and_information_publication_scheme.md
201.html,foi_act_and_information_publication_scheme.md
141.html,foi_act_and_information_publication_scheme.md
1151.html,foi_act_and_information_publication_scheme.md
1136.html,foi_act_and_information_publication_scheme.md
1131.html,foi_act_and_information_publication_scheme.md
1111.html,foi_act_and_information_publication_scheme.md
1106.html,foi_act_and_information_publication_scheme.md
1101.html,foi_act_and_information_publication_scheme.md
1096.html,foi_act_and_information_publication_scheme.md
1091.html,foi_act_and_information_publication_scheme.md
1086.html,foi_act_and_information_publication_scheme.md
1081.html,foi_act_and_information_publication_scheme.md
1076.html,foi_act_and_information_publication_scheme.md
1071.html,foi_act_and_information_publication_scheme.md
1066.html,foi_act_and_information_publication_scheme.md
1061.html,foi_act_and_information_publication_scheme.md
1056.html,foi_act_and_information_publication_scheme.md
1051.html,foi_act_and_information_publication_scheme.md
1046.html,foi_act_and_information_publication_scheme.md
1041.html,foi_act_and_information_publication_scheme.md
1036.html,foi_act_and_information_publication_scheme.md
1031.html,foi_act_and_information_publication_scheme.md
1026.html,foi_act_and_information_publication_scheme.md
1021.html,foi_act_and_information_publication_scheme.md
1016.html,foi_act_and_information_publication_scheme.md
1011.html,foi_act_and_information_publication_scheme.md
1006.html,foi_act_and_information_publication_scheme.md
1001.html,foi_act_and_information_publication_scheme.md
996.html,foi_act_and_information_publication_scheme.md
991.html,foi_act_and_information_publication_scheme.md
976.html,foi_act_and_information_publication_scheme.md
971.html,foi_act_and_information_publication_scheme.md
961.html,foi_act_and_information_publication_scheme.md
956.html,foi_act_and_information_publication_scheme.md
951.html,foi_act_and_information_publication_scheme.md
941.html,foi_act_and_information_publication_scheme.md
926.html,foi_act_and_information_publication_scheme.md
91.html,foi_act_and_information_publication_scheme.md
86.html,foi_act_and_information_publication_scheme.md
841.html,foi_act_and_information_publication_scheme.md
836.html,foi_act_and_information_publication_scheme.md
831.html,foi_act_and_information_publication_scheme.md
781.html,foi_act_and_information_publication_scheme.md
76.html,foi_act_and_information_publication_scheme.md
746.html,foi_act_and_information_publication_scheme.md
741.html,foi_act_and_information_publication_scheme.md
736.html,foi_act_and_information_publication_scheme.md
731.html,foi_act_and_information_publication_scheme.md
726.html,foi_act_and_information_publication_scheme.md
716.html,foi_act_and_information_publication_scheme.md
711.html,foi_act_and_information_publication_scheme.md
706.html,foi_act_and_information_publication_scheme.md
701.html,foi_act_and_information_publication_scheme.md
696.html,foi_act_and_information_publication_scheme.md
691.html,foi_act_and_information_publication_scheme.md
686.html,foi_act_and_information_publication_scheme.md
681.html,foi_act_and_information_publication_scheme.md
676.html,foi_act_and_information_publication_scheme.md
671.html,foi_act_and_information_publication_scheme.md
666.html,foi_act_and_information_publication_scheme.md
661.html,foi_act_and_information_publication_scheme.md
66.html,foi_act_and_information_publication_scheme.md
656.html,foi_act_and_information_publication_scheme.md
651.html,foi_act_and_information_publication_scheme.md
646.html,foi_act_and_information_publication_scheme.md
641.html,foi_act_and_information_publication_scheme.md
636.html,foi_act_and_information_publication_scheme.md
631.html,foi_act_and_information_publication_scheme.md
626.html,foi_act_and_information_publication_scheme.md
621.html,foi_act_and_information_publication_scheme.md
616.html,foi_act_and_information_publication_scheme.md
611.html,foi_act_and_information_publication_scheme.md
606.html,foi_act_and_information_publication_scheme.md
601.html,foi_act_and_information_publication_scheme.md
596.html,foi_act_and_information_publication_scheme.md
591.html,foi_act_and_information_publication_scheme.md
586.html,foi_act_and_information_publication_scheme.md
581.html,foi_act_and_information_publication_scheme.md
576.html,foi_act_and_information_publication_scheme.md
571.html,foi_act_and_information_publication_scheme.md
566.html,foi_act_and_information_publication_scheme.md
561.html,foi_act_and_information_publication_scheme.md
556.html,foi_act_and_information_publication_scheme.md
541.html,foi_act_and_information_publication_scheme.md
536.html,foi_act_and_information_publication_scheme.md
531.html,foi_act_and_information_publication_scheme.md
526.html,foi_act_and_information_publication_scheme.md
521.html,foi_act_and_information_publication_scheme.md
516.html,foi_act_and_information_publication_scheme.md
511.html,foi_act_and_information_publication_scheme.md
506.html,foi_act_and_information_publication_scheme.md
501.html,foi_act_and_information_publication_scheme.md
491.html,foi_act_and_information_publication_scheme.md
486.html,foi_act_and_information_publication_scheme.md
481.html,foi_act_and_information_publication_scheme.md
476.html,foi_act_and_information_publication_scheme.md
471.html,foi_act_and_information_publication_scheme.md
426.html,foi_act_and_information_publication_scheme.md
421.html,foi_act_and_information_publication_scheme.md
416.html,foi_act_and_information_publication_scheme.md
371.html,foi_act_and_information_publication_scheme.md
366.html,foi_act_and_information_publication_scheme.md
361.html,foi_act_and_information_publication_scheme.md
356.html,foi_act_and_information_publication_scheme.md
351.html,foi_act_and_information_publication_scheme.md
316.html,foi_act_and_information_publication_scheme.md
311.html,foi_act_and_information_publication_scheme.md
31.html,foi_act_and_information_publication_scheme.md
306.html,foi_act_and_information_publication_scheme.md
301.html,foi_act_and_information_publication_scheme.md
296.html,foi_act_and_information_publication_scheme.md
291.html,foi_act_and_information_publication_scheme.md
286.html,foi_act_and_information_publication_scheme.md
281.html,foi_act_and_information_publication_scheme.md
276.html,foi_act_and_information_publication_scheme.md
271.html,foi_act_and_information_publication_scheme.md
261.html,foi_act_and_information_publication_scheme.md
26.html,foi_act_and_information_publication_scheme.md
256.html,foi_act_and_information_publication_scheme.md
246.html,foi_act_and_information_publication_scheme.md
241.html,foi_act_and_information_publication_scheme.md
236.html,foi_act_and_information_publication_scheme.md
2151.html,foi_act_and_information_publication_scheme.md
2146.html,foi_act_and_information_publication_scheme.md
2136.html,foi_act_and_information_publication_scheme.md
2131.html,foi_act_and_information_publication_scheme.md
2116.html,foi_act_and_information_publication_scheme.md
2111.html,foi_act_and_information_publication_scheme.md
2081.html,foi_act_and_information_publication_scheme.md
2076.html,foi_act_and_information_publication_scheme.md
206.html,foi_act_and_information_publication_scheme.md
2016.html,foi_act_and_information_publication_scheme.md
2011.html,foi_act_and_information_publication_scheme.md
201.html,foi_act_and_information_publication_scheme.md
2006.html,foi_act_and_information_publication_scheme.md
2001.html,foi_act_and_information_publication_scheme.md
1996.html,foi_act_and_information_publication_scheme.md
1991.html,foi_act_and_information_publication_scheme.md
1986.html,foi_act_and_information_publication_scheme.md
1981.html,foi_act_and_information_publication_scheme.md
1971.html,foi_act_and_information_publication_scheme.md
1961.html,foi_act_and_information_publication_scheme.md
1956.html,foi_act_and_information_publication_scheme.md
1951.html,foi_act_and_information_publication_scheme.md
1941.html,foi_act_and_information_publication_scheme.md
1936.html,foi_act_and_information_publication_scheme.md
1931.html,foi_act_and_information_publication_scheme.md
1926.html,foi_act_and_information_publication_scheme.md
1921.html,foi_act_and_information_publication_scheme.md
191.html,foi_act_and_information_publication_scheme.md
1906.html,foi_act_and_information_publication_scheme.md
1901.html,foi_act_and_information_publication_scheme.md
1896.html,foi_act_and_information_publication_scheme.md
1891.html,foi_act_and_information_publication_scheme.md
1886.html,foi_act_and_information_publication_scheme.md
1881.html,foi_act_and_information_publication_scheme.md
1876.html,foi_act_and_information_publication_scheme.md
1871.html,foi_act_and_information_publication_scheme.md
1866.html,foi_act_and_information_publication_scheme.md
186.html,foi_act_and_information_publication_scheme.md
1856.html,foi_act_and_information_publication_scheme.md
1836.html,foi_act_and_information_publication_scheme.md
1831.html,foi_act_and_information_publication_scheme.md
1826.html,foi_act_and_information_publication_scheme.md
1821.html,foi_act_and_information_publication_scheme.md
1811.html,foi_act_and_information_publication_scheme.md
181.html,foi_act_and_information_publication_scheme.md
1806.html,foi_act_and_information_publication_scheme.md
1801.html,foi_act_and_information_publication_scheme.md
1796.html,foi_act_and_information_publication_scheme.md
1791.html,foi_act_and_information_publication_scheme.md
1786.html,foi_act_and_information_publication_scheme.md
1781.html,foi_act_and_information_publication_scheme.md
1776.html,foi_act_and_information_publication_scheme.md
1771.html,foi_act_and_information_publication_scheme.md
1766.html,foi_act_and_information_publication_scheme.md
1761.html,foi_act_and_information_publication_scheme.md
176.html,foi_act_and_information_publication_scheme.md
1756.html,foi_act_and_information_publication_scheme.md
1746.html,foi_act_and_information_publication_scheme.md
1741.html,foi_act_and_information_publication_scheme.md
1736.html,foi_act_and_information_publication_scheme.md
1731.html,foi_act_and_information_publication_scheme.md
1726.html,foi_act_and_information_publication_scheme.md
1721.html,foi_act_and_information_publication_scheme.md
1716.html,foi_act_and_information_publication_scheme.md
171.html,foi_act_and_information_publication_scheme.md
1701.html,foi_act_and_information_publication_scheme.md
1696.html,foi_act_and_information_publication_scheme.md
1691.html,foi_act_and_information_publication_scheme.md
1686.html,foi_act_and_information_publication_scheme.md
1681.html,foi_act_and_information_publication_scheme.md
166.html,foi_act_and_information_publication_scheme.md
1626.html,foi_act_and_information_publication_scheme.md
1621.html,foi_act_and_information_publication_scheme.md
1616.html,foi_act_and_information_publication_scheme.md
1611.html,foi_act_and_information_publication_scheme.md
161.html,foi_act_and_information_publication_scheme.md
1606.html,foi_act_and_information_publication_scheme.md
16.html,foi_act_and_information_publication_scheme.md
1586.html,foi_act_and_information_publication_scheme.md
1571.html,foi_act_and_information_publication_scheme.md
1566.html,foi_act_and_information_publication_scheme.md
1561.html,foi_act_and_information_publication_scheme.md
156.html,foi_act_and_information_publication_scheme.md
1556.html,foi_act_and_information_publication_scheme.md
1551.html,foi_act_and_information_publication_scheme.md
1546.html,foi_act_and_information_publication_scheme.md
1531.html,foi_act_and_information_publication_scheme.md
1526.html,foi_act_and_information_publication_scheme.md
1521.html,foi_act_and_information_publication_scheme.md
1516.html,foi_act_and_information_publication_scheme.md
1511.html,foi_act_and_information_publication_scheme.md
151.html,foi_act_and_information_publication_scheme.md
1506.html,foi_act_and_information_publication_scheme.md
1501.html,foi_act_and_information_publication_scheme.md
1496.html,foi_act_and_information_publication_scheme.md
1491.html,foi_act_and_information_publication_scheme.md
1486.html,foi_act_and_information_publication_scheme.md
1481.html,foi_act_and_information_publication_scheme.md
1476.html,foi_act_and_information_publication_scheme.md
1471.html,foi_act_and_information_publication_scheme.md
1466.html,foi_act_and_information_publication_scheme.md
146.html,foi_act_and_information_publication_scheme.md
1451.html,foi_act_and_information_publication_scheme.md
1446.html,foi_act_and_information_publication_scheme.md
1441.html,foi_act_and_information_publication_scheme.md
1426.html,foi_act_and_information_publication_scheme.md
1416.html,foi_act_and_information_publication_scheme.md
141.html,foi_act_and_information_publication_scheme.md
136.html,foi_act_and_information_publication_scheme.md
1351.html,foi_act_and_information_publication_scheme.md
1336.html,foi_act_and_information_publication_scheme.md
1311.html,foi_act_and_information_publication_scheme.md
131.html,foi_act_and_information_publication_scheme.md
1306.html,foi_act_and_information_publication_scheme.md
1301.html,foi_act_and_information_publication_scheme.md
1296.html,foi_act_and_information_publication_scheme.md
1286.html,foi_act_and_information_publication_scheme.md
126.html,foi_act_and_information_publication_scheme.md
1256.html,foi_act_and_information_publication_scheme.md
121.html,foi_act_and_information_publication_scheme.md
1166.html,foi_act_and_information_publication_scheme.md
1161.html,foi_act_and_information_publication_scheme.md
116.html,foi_act_and_information_publication_scheme.md
1156.html,foi_act_and_information_publication_scheme.md
1146.html,foi_act_and_information_publication_scheme.md
1141.html,foi_act_and_information_publication_scheme.md
1131.html,foi_act_and_information_publication_scheme.md
1126.html,foi_act_and_information_publication_scheme.md
111.html,foi_act_and_information_publication_scheme.md
11.html,foi_act_and_information_publication_scheme.md
1076.html,foi_act_and_information_publication_scheme.md
1071.html,foi_act_and_information_publication_scheme.md
1051.html,foi_act_and_information_publication_scheme.md
1046.html,foi_act_and_information_publication_scheme.md
1036.html,foi_act_and_information_publication_scheme.md
1011.html,foi_act_and_information_publication_scheme.md
tips.html,foi_act_and_information_publication_scheme.md
your-homepage-not-your-front-door.html,foi_act_and_information_publication_scheme.md
where-are-we-heading-future-state-user-experience.html,foi_act_and_information_publication_scheme.md
updates-scope-digital-service-standard.html,foi_act_and_information_publication_scheme.md
transforming-government-information?page=3.html,foi_act_and_information_publication_scheme.md
transforming-government-information?page=2.html,foi_act_and_information_publication_scheme.md
transforming-government-information?page=1.html,foi_act_and_information_publication_scheme.md
transforming-government-information.html,foi_act_and_information_publication_scheme.md
talking-digital-id?page=3.html,foi_act_and_information_publication_scheme.md
talking-digital-id?page=2.html,foi_act_and_information_publication_scheme.md
talking-digital-id?page=1.html,foi_act_and_information_publication_scheme.md
talking-digital-id.html,foi_act_and_information_publication_scheme.md
showing-thing-was-our-theme-last-week-standards-team.html,foi_act_and_information_publication_scheme.md
release-alpha-digital-service-standard.html,foi_act_and_information_publication_scheme.md
recruitment-campaign-find-australias-best-tech-talent.html,foi_act_and_information_publication_scheme.md
q-digital-service-standard.html,foi_act_and_information_publication_scheme.md
putting-user-centre-everything?page=2.html,foi_act_and_information_publication_scheme.md
putting-user-centre-everything?page=1.html,foi_act_and_information_publication_scheme.md
putting-user-centre-everything.html,foi_act_and_information_publication_scheme.md
preface-api-design-guide.html,foi_act_and_information_publication_scheme.md
open-and-secure.html,foi_act_and_information_publication_scheme.md
meeting-needs-different-users.html,foi_act_and_information_publication_scheme.md
making-government-discoverable.html,foi_act_and_information_publication_scheme.md
it-s-here-digital-service-design-guides-have-arrived-alpha.html,foi_act_and_information_publication_scheme.md
introducing-our-new-ceo-fresh-uk-s-government-digital-service-gds.html,foi_act_and_information_publication_scheme.md
introducing-digital-transformation-office.html,foi_act_and_information_publication_scheme.md
iaward-innovators.html,foi_act_and_information_publication_scheme.md
how-do-australians-really-feel-about-digital-government-services?page=1.html,foi_act_and_information_publication_scheme.md
how-do-australians-really-feel-about-digital-government-services.html,foi_act_and_information_publication_scheme.md
hacking-better-government-services.html,foi_act_and_information_publication_scheme.md
government-working-government-lessons-onegov.html,foi_act_and_information_publication_scheme.md
dtogovau-gets-first-many-makeovers?page=1.html,foi_act_and_information_publication_scheme.md
dtogovau-gets-first-many-makeovers.html,foi_act_and_information_publication_scheme.md
dto-now-manage-government-authentication-frameworks.html,foi_act_and_information_publication_scheme.md
dto-launches-digital-innovation-forum.html,foi_act_and_information_publication_scheme.md
digitising-mail?page=1.html,foi_act_and_information_publication_scheme.md
digitising-mail.html,foi_act_and_information_publication_scheme.md
digital-community-practice-event-4-september.html,foi_act_and_information_publication_scheme.md
david-hazlehurst-depart-dto.html,foi_act_and_information_publication_scheme.md
building-better-services-analytics.html,foi_act_and_information_publication_scheme.md
analysing-search-behaviours.html,foi_act_and_information_publication_scheme.md
User-experience?page=1.html,foi_act_and_information_publication_scheme.md
User-experience.html,foi_act_and_information_publication_scheme.md
Tell-us-once.html,foi_act_and_information_publication_scheme.md
Government-information?page=1.html,foi_act_and_information_publication_scheme.md
Government-information.html,foi_act_and_information_publication_scheme.md
Face-to-face-services.html,foi_act_and_information_publication_scheme.md
Digital-transformation-agenda?page=1.html,foi_act_and_information_publication_scheme.md
Digital-transformation-agenda.html,foi_act_and_information_publication_scheme.md
Digital-service-standard?page=1.html,foi_act_and_information_publication_scheme.md
Digital-service-standard.html,foi_act_and_information_publication_scheme.md
Digital-mailbox.html,foi_act_and_information_publication_scheme.md
Digital-identity.html,foi_act_and_information_publication_scheme.md
DTO-update?page=2.html,foi_act_and_information_publication_scheme.md
DTO-update?page=1.html,foi_act_and_information_publication_scheme.md
DTO-update.html,foi_act_and_information_publication_scheme.md
Consultation.html,foi_act_and_information_publication_scheme.md
trusted-digital-identity-framework.html,foi_act_and_information_publication_scheme.md
new-services-individuals.html,foi_act_and_information_publication_scheme.md
new-services-business.html,foi_act_and_information_publication_scheme.md
better-grants-administration.html,foi_act_and_information_publication_scheme.md
web-accessibility.html,foi_act_and_information_publication_scheme.md
user-centred-design.html,foi_act_and_information_publication_scheme.md
usability-testing.html,foi_act_and_information_publication_scheme.md
testing-web-accessibility.html,foi_act_and_information_publication_scheme.md
team.html,foi_act_and_information_publication_scheme.md
standard.html,foi_act_and_information_publication_scheme.md
sitemap.html,foi_act_and_information_publication_scheme.md
privacy-statement.html,foi_act_and_information_publication_scheme.md
index.html,foi_act_and_information_publication_scheme.md
feedback?url_from=WritingDigitalContent.html,foi_act_and_information_publication_scheme.md
feedback?url_from=We%20are%20building.html,foi_act_and_information_publication_scheme.md
feedback?url_from=UsingAPIs.html,foi_act_and_information_publication_scheme.md
feedback?url_from=Userresearch.html,foi_act_and_information_publication_scheme.md
feedback?url_from=Userresearch-researchmethods.html,foi_act_and_information_publication_scheme.md
feedback?url_from=Userresearch-Workshops.html,foi_act_and_information_publication_scheme.md
feedback?url_from=Userresearch-Wireframing.html,foi_act_and_information_publication_scheme.md
feedback?url_from=Userresearch-Userstories.html,foi_act_and_information_publication_scheme.md
feedback?url_from=Userresearch-Userpathways.html,foi_act_and_information_publication_scheme.md
feedback?url_from=Userresearch-Scenarios.html,foi_act_and_information_publication_scheme.md
feedback?url_from=Userresearch-Prototyping.html,foi_act_and_information_publication_scheme.md
feedback?url_from=Userresearch-Personas.html,foi_act_and_information_publication_scheme.md
feedback?url_from=Userresearch-Interviews.html,foi_act_and_information_publication_scheme.md
feedback?url_from=Userresearch-Highleveldesign.html,foi_act_and_information_publication_scheme.md
feedback?url_from=Userresearch-Cardsorting.html,foi_act_and_information_publication_scheme.md
feedback?url_from=Userresearch-Affinitydiagraming.html,foi_act_and_information_publication_scheme.md
feedback?url_from=Userresarch-Ethnographicresearch.html,foi_act_and_information_publication_scheme.md
feedback?url_from=UserCenteredDesign.html,foi_act_and_information_publication_scheme.md
feedback?url_from=UsabilityTesting.html,foi_act_and_information_publication_scheme.md
feedback?url_from=ToolsandSystems%2FPrivacyRequirements.html,foi_act_and_information_publication_scheme.md
feedback?url_from=Theteam.html,foi_act_and_information_publication_scheme.md
feedback?url_from=Testingwebaccessibility.html,foi_act_and_information_publication_scheme.md
feedback?url_from=Social%20Media.html,foi_act_and_information_publication_scheme.md
feedback?url_from=Sharingsourcecode.html,foi_act_and_information_publication_scheme.md
feedback?url_from=Service%20integration.html,foi_act_and_information_publication_scheme.md
feedback?url_from=SelectingCMS.html,foi_act_and_information_publication_scheme.md
feedback?url_from=Scope.html,foi_act_and_information_publication_scheme.md
feedback?url_from=SEO.html,foi_act_and_information_publication_scheme.md
feedback?url_from=Recruitment.html,foi_act_and_information_publication_scheme.md
feedback?url_from=Recordsmanagement.html,foi_act_and_information_publication_scheme.md
feedback?url_from=Performance%20testing.html,foi_act_and_information_publication_scheme.md
feedback?url_from=OpenData.html,foi_act_and_information_publication_scheme.md
feedback?url_from=OnlineContentRequirements.html,foi_act_and_information_publication_scheme.md
feedback?url_from=Metadata.html,foi_act_and_information_publication_scheme.md
feedback?url_from=Meetingthestandard.html,foi_act_and_information_publication_scheme.md
feedback?url_from=Measurement.html,foi_act_and_information_publication_scheme.md
feedback?url_from=MakingContentAccessible.html,foi_act_and_information_publication_scheme.md
feedback?url_from=Improvingwebsiteuserexperiences.html,foi_act_and_information_publication_scheme.md
feedback?url_from=Identityassurance.html,foi_act_and_information_publication_scheme.md
feedback?url_from=Howtoapply.html,foi_act_and_information_publication_scheme.md
feedback?url_from=Governmentasaplatform.html,foi_act_and_information_publication_scheme.md
feedback?url_from=Glossary.html,foi_act_and_information_publication_scheme.md
feedback?url_from=FoI.html,foi_act_and_information_publication_scheme.md
feedback?url_from=Files%20list%20Hardine%20report.html,foi_act_and_information_publication_scheme.md
feedback?url_from=Domain%20names.html,foi_act_and_information_publication_scheme.md
feedback?url_from=Digitaltransformationplanning.html,foi_act_and_information_publication_scheme.md
feedback?url_from=Digitaltransformationcoordinators.html,foi_act_and_information_publication_scheme.md
feedback?url_from=DigitalServiceStandardCriteria.html,foi_act_and_information_publication_scheme.md
feedback?url_from=DesigningInclusiveServices.html,foi_act_and_information_publication_scheme.md
feedback?url_from=DesignProcess.html,foi_act_and_information_publication_scheme.md
feedback?url_from=DesignPrinciples.html,foi_act_and_information_publication_scheme.md
feedback?url_from=CreatingCulturalChange.html,foi_act_and_information_publication_scheme.md
feedback?url_from=Cookies.html,foi_act_and_information_publication_scheme.md
feedback?url_from=Contracts.html,foi_act_and_information_publication_scheme.md
feedback?url_from=Content%20licensing.html,foi_act_and_information_publication_scheme.md
feedback?url_from=Connectingwithcustomersonsocialmedia.html,foi_act_and_information_publication_scheme.md
feedback?url_from=Commonsolutions.html,foi_act_and_information_publication_scheme.md
feedback?url_from=Common%20website%20elements.html,foi_act_and_information_publication_scheme.md
feedback?url_from=Common%20government%20content%20and%20features.html,foi_act_and_information_publication_scheme.md
feedback?url_from=CasestudyNationalMap.html,foi_act_and_information_publication_scheme.md
feedback?url_from=Casestudies.html,foi_act_and_information_publication_scheme.md
feedback?url_from=Caretaker%20conventions.html,foi_act_and_information_publication_scheme.md
feedback?url_from=BuildingSecureServices.html,foi_act_and_information_publication_scheme.md
feedback?url_from=BuildingDigitalServices.html,foi_act_and_information_publication_scheme.md
feedback?url_from=Branding.html,foi_act_and_information_publication_scheme.md
feedback?url_from=AssistedDigital.html,foi_act_and_information_publication_scheme.md
feedback?url_from=Analyticstools.html,foi_act_and_information_publication_scheme.md
feedback?url_from=Agile%20development.html,foi_act_and_information_publication_scheme.md
feedback-design-guidance?url_from=standardpage.html,foi_act_and_information_publication_scheme.md
feedback-design-guidance?url_from=case-studies.html,foi_act_and_information_publication_scheme.md
feedback-design-guidance?url_from=Using%20Open%20Standards.html,foi_act_and_information_publication_scheme.md
feedback-design-guidance?url_from=Statisticaldataintegration.html,foi_act_and_information_publication_scheme.md
feedback-design-guidance?url_from=Ministerialcontent.html,foi_act_and_information_publication_scheme.md
feedback-design-guidance.html,foi_act_and_information_publication_scheme.md
engage.html,foi_act_and_information_publication_scheme.md
design-guides.html,foi_act_and_information_publication_scheme.md
disclaimer.html,foi_act_and_information_publication_scheme.md
copyright.html,foi_act_and_information_publication_scheme.md
contact-us.html,foi_act_and_information_publication_scheme.md
budget.html,foi_act_and_information_publication_scheme.md
blog?page=5.html,foi_act_and_information_publication_scheme.md
blog?page=4.html,foi_act_and_information_publication_scheme.md
blog?page=3.html,foi_act_and_information_publication_scheme.md
blog?page=2.html,foi_act_and_information_publication_scheme.md
blog?page=1.html,foi_act_and_information_publication_scheme.md
blog.html,foi_act_and_information_publication_scheme.md
about.html,foi_act_and_information_publication_scheme.md
