wireframing.html,wireframing.html
user-stories.html,user_stories.html
user-pathways.html,user_pathways.html
team-recruitment.html,team_recruitment.html
scenarios.html,scenarios.html
prototyping.html,prototyping.html
professional-research-methods.html,professional_research_methods.html
personas.html,personas.html
online-content-requirements.html,online_content_requirements.html
ministerial-content.html,ministerial_content.html
metadata.html,metadata.html
interviews.html,interviews.html
high-level-design.html,high_level_design.html
foi-act-and-information-publication-scheme.html,foi_act_and_information_publication_scheme.html
files-list-harradine-report.html,files_list_harradine_report.html
ethnographic-research.html,ethnographic_research.html
cookies.html,cookies.html
contracts.html,contracts.html
content-licensing.html,content_licensing.html
common-government-content-and-features.html,common_government_content_and_features.html
caretaker-conventions.html,caretaker_conventions.html
card-sorting.html,card_sorting.html
affinity-diagramming.html,affinity_diagramming.html
affinity-diagraming.html,affinity_diagramming.html
user-research.html,user_research.html
user-centred-design.html,user_centred_design.html
usability-testing.html,usability_testing.html
testing-web-accessibility.html,testing_web_accessibility.html
team.html,the_team.html
statistical-data-integration.html,statistical_data_integration.html
social-media.html,social_media.html
secure-services.html,secure_services.html
search-engine-optimisation.html,search_engine_optimisation.html
records-management.html,records_management.html
privacy.html,privacy.html
performance-testing.html,performance_testing.html
open-standards.html,open_standards.html
open-data.html,open_data.html
online-writing.html,online_writing.html
measurement.html,digital_service_design_guide.html
making-content-accessible.html,making_content_accessible.html
integrating-offline-activity.html,service_integration.html
inclusive-services.html,inclusive_services.html
identity-assurance.html,identity_assurance.html
government-platform.html,government_as_a_platform.html
domain-names.html,domain_names.html
content-management-system.html,content_management_system.html
common-website-elements.html,common_website_elements.html
code-sharing.html,code_sharing.html
case-study-opening-government-data-nationalmap.html,case_study_opening_government_data_with_the_nationalmap.html
case-study-improving-website-user-experiences.html,case_study_improving_website_user_experiences.html
case-study-connecting-users-social-media.html,case_study_connecting_with_users_on_social_media.html
building-digital-services.html,building_digital_services.html
branding.html,branding.html
assisted-digital.html,assisted_digital.html
api.html,api.html
analytics-tools.html,analytics_tools.html
agile.html,agile.html
draft.html,user_account.html
821.html,user_pathways.html
temp.html,undefined.html
996.html,ministerial_content.html
991.html,common_government_content_and_features.html
986.html,statistical_data_integration.html
981.html,team_recruitment.html
976.html,records_management.html
971.html,service_design_process.html
966.html,professional_research_methods.html
961.html,trusted_digital_identity_framework.html
956.html,better_grants_administration.html
951.html,new_services_for_business.html
946.html,new_services_for_individuals.html
941.html,2015_16_digital_transformation_agenda_budget_initiatives.html
936.html,wireframing.html
931.html,interviews.html
926.html,ethnographic_research.html
921.html,affinity_diagramming.html
916.html,card_sorting.html
911.html,privacy_statement.html
906.html,disclaimer.html
901.html,web_accessibility.html
896.html,copyright.html
891.html,glossary.html
886.html,common_government_solutions.html
881.html,measurement.html
876.html,creating_cultural_change.html
871.html,digital_transformation_plan.html
866.html,principles_of_digital_service_design.html
861.html,meeting_the_standard.html
856.html,scope_of_the_digital_service_standard.html
851.html,digital_service_standard.html
846.html,david_hazlehurst_to_depart_the_dto.html
841.html,prototyping.html
836.html,high_level_design.html
831.html,scenarios.html
826.html,workshops.html
816.html,user_stories.html
811.html,personas.html
796.html,introducing_our_new_ceo_fresh_from_the_uks_government_digital_service_gds.html
791.html,government_working_with_government_lessons_from_onegov.html
781.html,where_are_we_heading_a_future_state_for_user_experience.html
776.html,hacking_for_better_government_services.html
771.html,making_government_discoverable.html
766.html,iaward_innovators.html
761.html,transforming_government_information.html
756.html,updates_to_the_scope_of_the_digital_service_standard.html
751.html,building_better_services_with_analytics.html
741.html,digitising_mail.html
736.html,putting_the_user_at_the_centre_of_everything.html
731.html,the_digital_transformation_agenda_in_the_2015_16_federal_budget.html
676.html,meeting_the_needs_of_different_users.html
671.html,q_and_as_on_the_digital_service_standard.html
641.html,dto_launches_at_the_digital_innovation_forum.html
571.html,building_digital_services.html
566.html,case_study_connecting_with_users_on_social_media.html
561.html,case_study_improving_website_user_experiences.html
556.html,social_media.html
551.html,branding.html
546.html,api.html
536.html,release_of_the_alpha_digital_service_standard.html
526.html,open_data.html
521.html,common_website_elements.html
511.html,testing_web_accessibility.html
506.html,identity_assurance.html
501.html,government_as_a_platform.html
496.html,content_management_system.html
491.html,privacy.html
481.html,user_research.html
471.html,open_standards.html
466.html,secure_services.html
461.html,service_integration.html
456.html,making_content_accessible.html
441.html,domain_names.html
436.html,inclusive_services.html
421.html,code_sharing.html
396.html,online_writing.html
381.html,analytics_tools.html
366.html,performance_testing.html
361.html,assisted_digital.html
291.html,usability_testing.html
266.html,user_centred_design.html
261.html,the_team.html
206.html,introducing_the_digital_transformation_office.html
201.html,feedback_on_design_guidance.html
141.html,engage.html
1151.html,recruitment_campaign_to_find_australias_best_tech_talent.html
1136.html,digital_community_of_practice_event_4_september.html
1131.html,showing_the_thing_was_our_theme_last_week_in_the_standards_team.html
1111.html,your_homepage_is_not_your_front_door.html
1106.html,getting_inside_your_head_analysing_search_behaviours.html
1101.html,how_do_australians_really_feel_about_digital_government_services.html
1096.html,open_and_secure.html
1091.html,the_dto_now_manage_government_authentication_frameworks.html
1081.html,preface_to_the_api_design_guide.html
1076.html,agile.html
1071.html,dtogovau_gets_the_first_of_many_makeovers.html
1066.html,its_here_the_digital_service_design_guides_have_arrived_in_alpha.html
1061.html,digital_transformation_coordinators.html
1056.html,talking_digital_id.html
1051.html,about_us.html
1046.html,case_study_opening_government_data_with_the_nationalmap.html
1041.html,case_studies.html
1036.html,files_list_harradine_report.html
1031.html,contracts.html
1026.html,foi_act_and_information_publication_scheme.html
1021.html,content_licensing.html
1016.html,metadata.html
1011.html,caretaker_conventions.html
1006.html,cookies.html
1001.html,online_content_requirements.html
measurement.html,measurement.html
digital-transformation-coordinators.html,digital_transformation_coordinators.html
creating-cultural-change.html,creating_cultural_change.html
service-design-process.html,service_design_process.html
scope-digital-service-standard.html,scope_of_the_digital_service_standard.html
meeting-standard.html,meeting_the_standard.html
index.html,digital_service_standard.html
glossary.html,glossary.html
digital-transformation-plan.html,digital_transformation_plan.html
design-principles.html,principles_of_digital_service_design.html
common-government-solutions.html,common_government_solutions.html
case-studies.html,case_studies.html
web-accessibility.html,web_accessibility.html
user-centred-design.html,user_centred_design.html
usability-testing.html,usability_testing.html
testing-web-accessibility.html,testing_web_accessibility.html
team.html,the_team.html
standard.html,digital_service_standard.html
sitemap.html,site_map.html
privacy-statement.html,privacy_statement.html
index.html,digital_transformation_office.html
engage.html,engage.html
disclaimer.html,disclaimer.html
design-guides.html,digital_service_design_guide.html
copyright.html,copyright.html
contact-us.html,engage.html
about.html,about_us.html
index.html,foi_act_and_information_publication_scheme.html
workshops.html,workshops.html
