wireframing.html,wireframing.md
user-stories.html,user_stories.md
user-pathways.html,user_pathways.md
team-recruitment.html,team_recruitment.md
scenarios.html,scenarios.md
prototyping.html,prototyping.md
professional-research-methods.html,professional_research_methods.md
personas.html,personas.md
online-content-requirements.html,online_content_requirements.md
ministerial-content.html,ministerial_content.md
metadata.html,metadata.md
interviews.html,interviews.md
high-level-design.html,high_level_design.md
foi-act-and-information-publication-scheme.html,foi_act_and_information_publication_scheme.md
files-list-harradine-report.html,files_list_harradine_report.md
ethnographic-research.html,ethnographic_research.md
cookies.html,cookies.md
contracts.html,contracts.md
content-licensing.html,content_licensing.md
common-government-content-and-features.html,common_government_content_and_features.md
caretaker-conventions.html,caretaker_conventions.md
card-sorting.html,card_sorting.md
affinity-diagramming.html,affinity_diagramming.md
affinity-diagraming.html,affinity_diagramming.md
user-research.html,user_research.md
user-centred-design.html,user_centred_design.md
usability-testing.html,usability_testing.md
testing-web-accessibility.html,testing_web_accessibility.md
team.html,the_team.md
statistical-data-integration.html,statistical_data_integration.md
social-media.html,social_media.md
secure-services.html,secure_services.md
search-engine-optimisation.html,search_engine_optimisation.md
records-management.html,records_management.md
privacy.html,privacy.md
performance-testing.html,performance_testing.md
open-standards.html,open_standards.md
open-data.html,open_data.md
online-writing.html,online_writing.md
measurement.html,digital_service_design_guide.md
making-content-accessible.html,making_content_accessible.md
integrating-offline-activity.html,service_integration.md
inclusive-services.html,inclusive_services.md
identity-assurance.html,identity_assurance.md
government-platform.html,government_as_a_platform.md
domain-names.html,domain_names.md
content-management-system.html,content_management_system.md
common-website-elements.html,common_website_elements.md
code-sharing.html,code_sharing.md
case-study-opening-government-data-nationalmap.html,case_study_opening_government_data_with_the_nationalmap.md
case-study-improving-website-user-experiences.html,case_study_improving_website_user_experiences.md
case-study-connecting-users-social-media.html,case_study_connecting_with_users_on_social_media.md
building-digital-services.html,building_digital_services.md
branding.html,branding.md
assisted-digital.html,assisted_digital.md
api.html,api.md
analytics-tools.html,analytics_tools.md
agile.html,agile.md
measurement.html,measurement.md
digital-transformation-coordinators.html,digital_transformation_coordinators.md
creating-cultural-change.html,creating_cultural_change.md
service-design-process.html,service_design_process.md
scope-digital-service-standard.html,scope_of_the_digital_service_standard.md
meeting-standard.html,meeting_the_standard.md
index.html,digital_service_standard.md
glossary.html,glossary.md
digital-transformation-plan.html,digital_transformation_plan.md
design-principles.html,principles_of_digital_service_design.md
common-government-solutions.html,common_government_solutions.md
case-studies.html,case_studies.md
draft.html,user_account.md
temp.html,undefined.md
996.html,ministerial_content.md
991.html,common_government_content_and_features.md
986.html,statistical_data_integration.md
981.html,team_recruitment.md
976.html,records_management.md
971.html,service_design_process.md
966.html,professional_research_methods.md
961.html,trusted_digital_identity_framework.md
956.html,better_grants_administration.md
951.html,new_services_for_business.md
946.html,new_services_for_individuals.md
941.html,2015_16_digital_transformation_agenda_budget_initiatives.md
936.html,wireframing.md
931.html,interviews.md
926.html,ethnographic_research.md
921.html,affinity_diagramming.md
916.html,card_sorting.md
911.html,privacy_statement.md
906.html,disclaimer.md
901.html,web_accessibility.md
896.html,copyright.md
891.html,glossary.md
886.html,common_government_solutions.md
881.html,measurement.md
876.html,creating_cultural_change.md
871.html,digital_transformation_plan.md
866.html,principles_of_digital_service_design.md
861.html,meeting_the_standard.md
856.html,scope_of_the_digital_service_standard.md
851.html,digital_service_standard.md
846.html,david_hazlehurst_to_depart_the_dto.md
841.html,prototyping.md
836.html,high_level_design.md
831.html,scenarios.md
826.html,workshops.md
821.html,user_pathways.md
816.html,user_stories.md
811.html,personas.md
796.html,introducing_our_new_ceo_fresh_from_the_uks_government_digital_service_gds.md
791.html,government_working_with_government_lessons_from_onegov.md
781.html,where_are_we_heading_a_future_state_for_user_experience.md
776.html,hacking_for_better_government_services.md
771.html,making_government_discoverable.md
766.html,iaward_innovators.md
761.html,transforming_government_information.md
756.html,updates_to_the_scope_of_the_digital_service_standard.md
751.html,building_better_services_with_analytics.md
741.html,digitising_mail.md
736.html,putting_the_user_at_the_centre_of_everything.md
731.html,the_digital_transformation_agenda_in_the_2015_16_federal_budget.md
676.html,meeting_the_needs_of_different_users.md
671.html,q_and_as_on_the_digital_service_standard.md
641.html,dto_launches_at_the_digital_innovation_forum.md
571.html,building_digital_services.md
566.html,case_study_connecting_with_users_on_social_media.md
561.html,case_study_improving_website_user_experiences.md
556.html,social_media.md
551.html,branding.md
546.html,api.md
536.html,release_of_the_alpha_digital_service_standard.md
526.html,open_data.md
521.html,common_website_elements.md
511.html,testing_web_accessibility.md
506.html,identity_assurance.md
501.html,government_as_a_platform.md
496.html,content_management_system.md
491.html,privacy.md
481.html,user_research.md
471.html,open_standards.md
466.html,secure_services.md
461.html,service_integration.md
456.html,making_content_accessible.md
441.html,domain_names.md
436.html,inclusive_services.md
421.html,code_sharing.md
396.html,online_writing.md
381.html,analytics_tools.md
366.html,performance_testing.md
361.html,assisted_digital.md
291.html,usability_testing.md
266.html,user_centred_design.md
261.html,the_team.md
206.html,introducing_the_digital_transformation_office.md
201.html,feedback_on_design_guidance.md
141.html,engage.md
1151.html,recruitment_campaign_to_find_australias_best_tech_talent.md
1136.html,digital_community_of_practice_event_4_september.md
1131.html,showing_the_thing_was_our_theme_last_week_in_the_standards_team.md
1111.html,your_homepage_is_not_your_front_door.md
1106.html,getting_inside_your_head_analysing_search_behaviours.md
1101.html,how_do_australians_really_feel_about_digital_government_services.md
1096.html,open_and_secure.md
1091.html,the_dto_now_manage_government_authentication_frameworks.md
1081.html,preface_to_the_api_design_guide.md
1076.html,agile.md
1071.html,dtogovau_gets_the_first_of_many_makeovers.md
1066.html,its_here_the_digital_service_design_guides_have_arrived_in_alpha.md
1061.html,digital_transformation_coordinators.md
1056.html,talking_digital_id.md
1051.html,about_us.md
1046.html,case_study_opening_government_data_with_the_nationalmap.md
1041.html,case_studies.md
1036.html,files_list_harradine_report.md
1031.html,contracts.md
1026.html,foi_act_and_information_publication_scheme.md
1021.html,content_licensing.md
1016.html,metadata.md
1011.html,caretaker_conventions.md
1006.html,cookies.md
1001.html,online_content_requirements.md
web-accessibility.html,web_accessibility.md
user-centred-design.html,user_centred_design.md
usability-testing.html,usability_testing.md
testing-web-accessibility.html,testing_web_accessibility.md
team.html,the_team.md
standard.html,digital_service_standard.md
sitemap.html,site_map.md
privacy-statement.html,privacy_statement.md
index.html,digital_transformation_office.md
engage.html,engage.md
disclaimer.html,disclaimer.md
design-guides.html,digital_service_design_guide.md
copyright.html,copyright.md
contact-us.html,engage.md
about.html,about_us.md
workshops.html,workshops.md
index.html,foi_act_and_information_publication_scheme.md
